:020000040800F2
:10000000205A002059020008D5350008093300089D
:10001000D13500089D050008E93F000800000000F8
:10002000000000000000000000000000C1360008D1
:10003000E10500080000000051360008693800089A
:1000400073020008730200087302000873020008BC
:1000500073020008730200087302000873020008AC
:10006000730200087302000873020008730200089C
:10007000730200087302000873020008730200088C
:10008000730200087302000873020008730200087C
:10009000A1050008B10500087302000873020008FA
:1000A000730200087302000873020008730200085C
:1000B000730200087302000873020008730200084C
:1000C000730200087302000873020008730200083C
:1000D00073020008A93F0008B93F0008C93F0008A3
:1000E000730200087302000873020008730200081C
:1000F000730200087302000873020008730200080C
:1001000073020008730200087302000873020008FB
:1001100073020008730200085939000873020008CE
:1001200073020008730200087302000873020008DB
:1001300073020008730200087302000873020008CB
:10014000C1050008D1050008730200087302000809
:10015000730200087302000873020008D93F000808
:10016000730200087302000873020008730200089B
:100170007302000873020008730200080000000008
:10018000730200087302000800F002F800F054F84F
:1001900014A696E8000CB244B344DA4501D100F04D
:1001A0004BF8BAE80F000FA696E83000A5EB04055F
:1001B00004EB0607AAEB0704A7F101074FEA1515A0
:1001C0004FEA3414A4F10104AC4201D300F034F836
:1001D00013F0010F18BFFB1A43F0010300F001F800
:1001E000DBE718470C8F00002C8F0000103A24BF6B
:1001F00078C878C1FAD8520724BF30C830C144BF8C
:1002000004680C6070470000704700000023002461
:1002100000250026103A28BF78C1FBD8520728BF16
:1002200030C148BF0B6070471FB508F0D4FE00F026
:1002300023F91FBD10B510BD00F07AF91146FFF784
:10024000F3FF05F027FA00F098F903B4FFF7F2FF87
:1002500003BC00F09BF900000948804709480047AB
:10026000FEE7FEE7FEE7FEE7FEE7FEE7FEE7FEE766
:10027000FEE7FEE704480549054A064B70470000C3
:10028000453900088901000820540020205A002028
:10029000205600202056002053EA020C00F069800E
:1002A0002DE9F04B4FF00006002B1FBFB3FA83F58A
:1002B00003FA05F424FA05F65E4012BF1643B2FABB
:1002C00082F502FA05F4C5F120051EBF22FA05FCED
:1002D00044EA0C04203556EA044C4FEA144418BF93
:1002E000641C4FF000084FF00009904271EB030CC2
:1002F00039D3002919BFB1FA81F701FA07F6B0FA2C
:1003000080F700FA07F6C7F120071EBF20FA07FCA6
:1003100046EA0C062037B6FBF4FCA7EB0507103FB6
:1003200007F01F0BCBF120062CFA06F60CFA0BFB9C
:1003300044BFB3460026202FA4BF5E464FF0000BFB
:100340005BEA060C08BF4FF0010B19EB0B0948EBF9
:100350000608ABFB027C06FB02CC0BFB03CCC01BEC
:1003600071EB0C01C1E70B46024641464846BDE829
:10037000F08B13B5084318BF4FF0FF300146AFF3C1
:100380000080BDE81C407047032A40F2308010F026
:10039000030C00F0158011F8013BBCF1020F624420
:1003A00098BF11F801CB00F8013B38BF11F8013BB1
:1003B000A2F1040298BF00F801CB38BF00F8013B5E
:1003C00011F0030300F07980083AC0F0088051F87A
:1003D000043B083A51F804CBA0E80810F5E7121DD9
:1003E0005CBF51F8043B40F8043BAFF30080D207F8
:1003F00024BF11F8013B11F801CB48BF11F8012BC4
:1004000024BF00F8013B00F801CB48BF00F8012BE6
:10041000704702F0FF0343EA032242EA024200F07F
:1004200002B84FF0000200B51346944696462039B4
:1004300022BFA0E80C50A0E80C50B1F12001BFF49D
:10044000F7AF090728BFA0E80C5048BF0CC05DF803
:1004500004EB890028BF40F8042B08BF704748BF51
:1004600020F8022B11F0804F18BF00F8012B7047C5
:10047000704770477047000008487CB5784400908A
:1004800007487844009C0546019004E02046016836
:1004900008448047241DAC42F8D17CBD908C0000FC
:1004A000928C000010B500F03BF8006810BD10B54C
:1004B000044600F035F8046010BD10B5203AC0F0D5
:1004C0000B80B1E81850A0E81850B1E81850A0E827
:1004D0001850203ABFF4F5AF5FEA027C24BFB1E8C0
:1004E0001850A0E8185044BF18C918C0BDE8104003
:1004F0005FEA827C24BF51F8043B40F8043B08BF0C
:100500007047D20728BF31F8023B48BF11F8012BD2
:1005100028BF20F8023B48BF00F8012B70470000BD
:10052000004870471800002000487047180000205D
:100530007546FFF7F9FFAE4605006946534620F0C1
:100540000700854618B020B5FFF794FEBDE82040AF
:100550004FF000064FF000074FF000084FF0000B7F
:10056000AC46ACE8C009ACE8C009ACE8C009ACE8EE
:10057000C00921F007018D46704710B50446AFF35E
:1005800000802046BDE81040FFF75FBE01491820FB
:10059000ABBEFEE72600020070470000FFE7FEE763
:1005A00080B540F2DC60C2F2000000F0D5FA80BDF8
:1005B00080B540F2DC60C2F2000000F0CDFA80BDF0
:1005C00080B540F20470C2F2000000F0C5FA80BDB0
:1005D00080B540F20470C2F2000000F0BDFA80BDA8
:1005E0007047000072B6FFE7FEE7000084B002909B
:1005F0000191029890F820008DF803009DF8030007
:10060000012805D0FFE79DF8030002280AD1FFE783
:10061000019A0298016848691043486100208DF8EA
:100620000F0008E00299486A40F4802048620120E7
:100630008DF80F00FFE79DF80F0004B07047000031
:1006400088B00690059104920393069890F82000D4
:100650008DF807000698006880680090059880680B
:1006600008B9FFE700E0FFE79DF80700012806D082
:10067000FFE79DF80700022840F08080FFE79DF823
:100680000300400700280CD4FFE79DF80300000793
:10069000002806D4FFE79DF80300C006002864D5B3
:1006A000FFE70098C0F301600290029901208840A2
:1006B000039908600598806868B9FFE705980168A4
:1006C000C06840EA415006990968029A01EB02119C
:1006D000C1F880010EE005994A688868C96840EA57
:1006E000C200084306990968029A01EB0211C1F899
:1006F0008001FFE70598006906990968029A01EBF5
:100700000211C1F884010598007D01280CD1FFE792
:1007100006980068029900EB0111D1F8840140F4B9
:100720008070C1F88401FFE7049840680699096861
:10073000029A01EB0211C1F88C0104980068069935
:100740000968029A01EB0211C1F888010698006855
:10075000029900EB0111D1F8800140F00100C1F8CD
:10076000800100208DF81F0011E00699486A40F4CE
:100770000010486201208DF81F0008E00699486AC1
:1007800040F48020486201208DF81F00FFE79DF8AB
:100790001F0008B07047000086B0049003910498D1
:1007A00000680190049890F820008DF803009DF8EF
:1007B0000300012806D0FFE79DF80300022840F05F
:1007C000B080FFE746F20040C4F2000001900199BA
:1007D000D1F8000240F00100C1F800020199D1F8FF
:1007E000000220F47C50C1F800020398426A01998B
:1007F000D1F8000240EA0220C1F8000203984069E3
:1008000000F01F01012088400290029A0199D1F85E
:100810001C029043C1F81C020398C069F0B9FFE7BD
:10082000029A0199D1F80C029043C1F80C02039A84
:100830009088D168526940EA0140019901EBC201F8
:10084000C1F84002039A10889168526940EA014059
:10085000019901EBC201C1F84402FFE70398C069A6
:1008600001281ED1FFE7029A0199D1F80C0210432A
:10087000C1F80C02039A90881168526940EA01405D
:10088000019901EBC201C1F84002039A9089916875
:10089000526940EA0140019901EBC201C1F84402EA
:1008A000FFE70398806940B9FFE7029A0199D1F800
:1008B00004029043C1F8040207E0029A0199D1F8BA
:1008C00004021043C1F80402FFE70398006940B92D
:1008D000FFE7029A0199D1F814029043C1F814027B
:1008E00007E0029A0199D1F814021043C1F81402EA
:1008F000FFE70398006A012808D1FFE7029A0199EF
:10090000D1F81C021043C1F81C02FFE70199D1F88D
:10091000000220F00100C1F8000200208DF817004D
:1009200008E00499486A40F48020486201208DF86C
:100930001700FFE79DF8170006B0704781B00090E0
:1009400001B0704786B0049003910292019304981D
:1009500090F820008DF803009DF80300012806D0D0
:10096000FFE79DF80300022840F0E880FFE70398C6
:1009700080B9FFE704980068C068800748B9FFE7BE
:100980000499486A40F40010486201208DF817006D
:10099000DDE00FE0049800680069800748B9FFE7D0
:1009A0000499486A40F40010486201208DF817004D
:1009B000CDE0FFE704980068039900EB0110D0F840
:1009C000B00100F00400029988600298806858B96C
:1009D000FFE704980068039900EB0110D0F8B0011C
:1009E000400D029908600AE004980068039900EB42
:1009F0000110D0F8B001C00802994860FFE70498E0
:100A00000068039900EB0110D0F8B00100F002007B
:100A10000299C86004980068039900EB0110D0F8AF
:100A2000B40100F00F00082804D3FFE70299082062
:100A300008610BE004980068039900EB0110D0F8FE
:100A4000B40100F00F0002990861FFE70498006804
:100A5000039900EB0110D0F8B40180B2000A0299AA
:100A6000886104980068039900EB0110D0F8B40184
:100A7000000C0299486104980068039900EB01108A
:100A8000D0F8B8010199087004980068039900EB48
:100A90000110D0F8B801000A019948700498006864
:100AA000039900EB0110D0F8B801000C019988708F
:100AB00004980068039900EB0110D0F8B801000E0B
:100AC0000199C87004980068039900EB0110D0F8F0
:100AD000BC010199087104980068039900EB0110AA
:100AE000D0F8BC01000A0199487104980068039984
:100AF00000EB0110D0F8BC01000C0199887104983A
:100B00000068039900EB0110D0F8BC01000E0199B8
:100B1000C871039838B9FFE704980168C86840F0C5
:100B20002000C86006E004980168086940F02000D1
:100B30000861FFE700208DF8170008E00499486A73
:100B400040F48020486201208DF81700FFE79DF8EF
:100B5000170006B07047000080B58AB009900020E9
:100B600008900998006840690790099800684068F3
:100B70000690099800688068059009980068C06828
:100B800004900998006800690390099800688069DA
:100B900002909DF81C00C007002800F09480FFE739
:100BA0009DF81400C00758B3FFE7099801680120B9
:100BB00088609DF814008007002804D5FFE7099895
:100BC00000F080FC1BE09DF814004007002805D5CC
:100BD000FFE7089840F4006008900FE09DF81400CB
:100BE0000007002805D5FFE7089840F480500890DA
:100BF00003E0099800F062FCFFE7FFE7FFE7FFE78B
:100C00009DF81500C00760B3FFE7099801684FF42D
:100C1000807088609DF815008007002804D5FFE7E4
:100C2000099800F057FC1BE09DF8150040070028CC
:100C300005D5FFE7089840F4005008900FE09DF8B4
:100C400015000007002805D5FFE7089840F480400C
:100C5000089003E0099800F039FCFFE7FFE7FFE7A1
:100C6000FFE79DF81600C00760B3FFE70998016829
:100C70004FF4803088609DF816008007002804D566
:100C8000FFE7099800F02EFC1BE09DF816004007D6
:100C9000002805D5FFE7089840F4004008900FE0D1
:100CA0009DF816000007002805D5FFE7089840F4D6
:100CB0008030089003E0099800F010FCFFE7FFE7A0
:100CC000FFE7FFE7FFE79DF81C000007002810D5AD
:100CD000FFE79DF81000C006002809D5FFE7089837
:100CE00040F400700890099801681020C860FFE780
:100CF000FFE79DF81C00400700280FD5FFE79DF88F
:100D000010000007002808D5FFE7099801680820AF
:100D1000C860099800F0E2FAFFE7FFE79DF81C00C1
:100D2000800700280BD5FFE709980068C068800796
:100D300020B1FFE7099800F0D5FAFFE7FFE79DF83B
:100D40001C004006002810D5FFE79DF80C00C006E7
:100D5000002809D5FFE7089840F4806008900998BA
:100D6000016810200861FFE7FFE79DF81C0080067E
:100D700000280FD5FFE79DF80C000007002808D5D4
:100D8000FFE70998016808200861099800F044FB12
:100D9000FFE7FFE79DF81C00C00600280BD5FFE722
:100DA000099800680069800720B1FFE7099800F002
:100DB00037FBFFE7FFE79DF81E00800700280FD5EF
:100DC000FFE79DF81800C006002808D5FFE709983E
:100DD000016810204860099800F026FBFFE7FFE754
:100DE0009DF81E00C00778B1FFE79DF818000007C6
:100DF000002808D5FFE7099801680820486009988D
:100E000000F074FBFFE7FFE79DF81D0000060028D7
:100E100040F18D80FFE79DF818004007002840F161
:100E20008180FFE79DF81D00C00750B1FFE79DF8E6
:100E30000800C00728B1FFE7089840F001000890BB
:100E4000FFE79DF81D00800700280BD5FFE79DF800
:100E500008008007002805D5FFE7089840F0020049
:100E60000890FFE79DF81D00400700280BD5FFE71D
:100E70009DF808004007002805D5FFE7089840F0D6
:100E800004000890FFE79DF81D000007002848D5E2
:100E9000FFE79DF8080010F0700F42D0FFE70298BE
:100EA00000F0700001460191102814D0FFE701986E
:100EB000202815D0FFE70198302816D0FFE70198C9
:100EC000402817D0FFE70198502818D0FFE7019875
:100ED000602819D01DE0089840F00800089019E03B
:100EE000089840F01000089014E0089840F02000A6
:100EF00008900FE0089840F0400008900AE0089839
:100F000040F08000089005E0089840F48070089058
:100F100000E0FFE709980168886920F070008861A7
:100F2000FFE7FFE70998016804204860FFE7089899
:100F300048B1FFE7089A0999486A1043486209983E
:100F4000FFF7FCFCFFE70AB080BD000080B584B06D
:100F50000290029820B9FFE701208DF80F00E0E031
:100F6000029890F8200020B9FFE7029800F0DEF820
:100F7000FFE702980168086840F00100086000F08F
:100F80002DFD0190FFE7029800684068C007A8B9EE
:100F9000FFE700F023FD0199401A0B280DD3FFE76E
:100FA0000299486A40F4003048620299052081F8AD
:100FB000200001208DF80F00B3E0E4E702980168FB
:100FC000086820F00200086000F008FD0190FFE7CB
:100FD0000298006840688007002815D5FFE700F0F8
:100FE000FDFC0199401A0B280DD3FFE70299486ACE
:100FF00040F4003048620299052081F82000012069
:101000008DF80F008DE0E3E70298007E012807D1FC
:10101000FFE702980168086840F08000086006E079
:1010200002980168086820F080000860FFE70298D5
:10103000407E012807D1FFE702980168086840F068
:101040004000086006E002980168086820F040004F
:101050000860FFE70298807E012807D1FFE7029829
:101060000168086840F02000086006E00298016806
:10107000086820F020000860FFE70298C07E012881
:1010800007D1FFE702980168086820F010000860A7
:1010900006E002980168086840F010000860FFE769
:1010A0000298007F012807D1FFE7029801680868CD
:1010B00040F00800086006E002980168086820F027
:1010C00008000860FFE70298407F012807D1FFE78A
:1010D00002980168086840F00400086006E0029881
:1010E0000168086820F004000860FFE7029B1968A7
:1010F0005A689868D3F80CC040EA0C00D3F810C0C6
:1011000040EA0C005B691843013A1043C861029938
:1011100000204862029A012182F820108DF80F0009
:10112000FFE79DF80F0004B080BD000080B594B0CB
:10113000139000201290119010900F900E90139821
:10114000006846F20041C4F20001884254D1FFE732
:1011500040F2B000C2F20000016801310160006895
:10116000012812D1FFE7FFE700200D9043F6400071
:10117000C4F20200016841F000710160006800F0F3
:1011800000700D900D98FFE7FFE7FFE700200C903F
:1011900043F63000C4F20200016841F00101016031
:1011A000006800F001000C900C98FFE74FF4C0506D
:1011B0000E9002200F9000200790109003201190B5
:1011C000092012900020C4F202000EA900F02AFAB1
:1011D000079A142005900521069100F0DDFC059882
:1011E00000F0D0FC0699079A1520089000F0D4FC76
:1011F000089800F0C7FC6FE01398006846F60001FD
:10120000C4F20001884266D1FFE7FFE700200B909F
:1012100043F64000C4F20200016841F080610160C1
:10122000006800F080600B900B98FFE740F2B00080
:10123000C2F200000168013101600068012812D18A
:10124000FFE7FFE700200A9043F64000C4F20200E7
:10125000016841F000710160006800F000700A90C0
:101260000A98FFE7FFE7FFE70020099043F6300008
:10127000C4F20200016841F002010160006800F060
:10128000020009900998FFE74FF440500E900220A9
:101290000F900020039010900320119009201290CD
:1012A00040F20040C4F202000EA900F0BBF9039A1C
:1012B000402001900521029100F06EFC019800F0A1
:1012C00061FC0299039A4120049000F065FC0498A7
:1012D00000F058FCFFE7FFE714B080BD81B000903C
:1012E00001B0704780B592B01190119840F2DC6166
:1012F000C2F20001884242D1FFE740F2DC60C2F254
:10130000000040F2B653C2F2000300210AAAFFF720
:1013100019FB18B1FFE7FFF765F9FFE700208DF82B
:101320002700FFE79DF8270040F2B451C2F2000108
:101330000978884222DAFFE79DF8271040F26450CE
:10134000C2F2000050F8210088B1FFE79DF8271095
:1013500040F26450C2F2000050F8210001684B686E
:1013600040F2B651C2F200010AAA9847FFE7FFE730
:101370009DF8270001308DF82700D3E74AE0119847
:1013800040F20471C2F20001884242D1FFE740F20C
:101390000470C2F2000040F2BE53C2F2000300210A
:1013A00002AAFFF7CFFA18B1FFE7FFF71BF9FFE733
:1013B00000208DF80700FFE79DF8070040F2B551C7
:1013C000C2F200010978884222DAFFE79DF807108F
:1013D00040F28C50C2F2000050F8210088B1FFE7C3
:1013E0009DF8071040F28C50C2F2000050F8210026
:1013F00001684B6840F2BE51C2F2000102AA984750
:10140000FFE7FFE79DF8070001308DF80700D3E7FD
:10141000FFE7FFE712B080BD81B0009001B07047D8
:1014200081B0009001B0704781B0009001B070476A
:1014300080B584B00290029890F8200001282FD146
:10144000FFE70299022081F82000029801680868ED
:1014500020F00100086000F0C1FA0190FFE7029857
:1014600000684068C007A8B1FFE700F0B7FA01992B
:10147000401A0B280DD3FFE70299486A40F4003068
:1014800048620299052081F8200001208DF80F00A4
:101490000FE0E4E70299002048628DF80F0008E0B1
:1014A0000299486A40F40020486201208DF80F003C
:1014B000FFE79DF80F0004B080BD000081B00090F0
:1014C00001B0704781B0009001B0704781B00090CA
:1014D00001B0704781B0009001B0704781B00090BA
:1014E00001B0704781B0009001B0704781B00090AA
:1014F00001B0704780B584B002900298806D019071
:1015000000F06CFA0090029890F8350002280DD097
:10151000FFE7029980204865FFE70299002081F8E3
:101520003400FFE701208DF80F0055E002980168B4
:10153000086820F01600086002980168486920F0E9
:10154000800048610298006C20B9FFE70298806C27
:1015500038B1FFE702980168086820F008000860C9
:10156000FFE702980168086820F001000860FFE7C3
:10157000029800680068C007C8B1FFE700F02EFAC3
:101580000099401A062811D3FFE7029920204865E8
:101590000299032081F83500FFE70299002081F8C5
:1015A0003400FFE703208DF80F0015E0E0E7029814
:1015B000C16D3F208840019988600299012081F81F
:1015C0003500FFE70299002081F83400FFE7FFE7CC
:1015D00000208DF80F00FFE79DF80F0004B080BDDC
:1015E00082B00090009890F83500022807D0FFE7FD
:1015F00000998020486501208DF807000EE00099D1
:10160000052081F8350000980168086820F0010085
:101610000860FFE700208DF80700FFE79DF807004E
:1016200002B070478EB00D900C9100200A90099086
:1016300008900B90FFE70B980F2800F2CC81FFE792
:101640000B99012088400A900C9800680A9908407C
:10165000099009980A99884240F0B881FFE70C98F0
:10166000406800F00300012807D0FFE70C984068AD
:1016700000F0030002282FD1FFE70D988068089042
:101680000B984100032000FA01F108988843089064
:101690000C98C0680B99490000FA01F108980843BA
:1016A000089008980D9988600D98406808900B99EB
:1016B000012000FA01F10898884308900C984068CE
:1016C000C0F300100B9900FA01F108980843089044
:1016D00008980D994860FFE70C98406800F00300F7
:1016E000032818D0FFE70D98C06808900B984100B8
:1016F000032000FA01F10898884308900C9880684C
:101700000B99490000FA01F10898084308900898DD
:101710000D99C860FFE70C98406800F003000228AC
:1017200026D1FFE70D980B996FF0030202EA5101F1
:101730000844006A08900B9800F0070081000F2011
:1017400000FA01F10898884308900C9800690B99F9
:1017500001F00701890000FA01F108980843089098
:1017600008980D990B9B02EA530211440862FFE7A7
:101770000D98006808900B984100032000FA01F1D1
:101780000898884308900C98406800F003000B9973
:10179000490000FA01F108980843089008980D994B
:1017A00008600C9880798007002800F00E81FFE720
:1017B000FFE70020079043F64400C4F202000168EE
:1017C00041F480410160006800F480400790079870
:1017D000FFE70B9820F0030043F60801C4F2010173
:1017E000405808900B9800F0030081000F2000FA89
:1017F00001F10898884308900D980021C4F2020175
:10180000884203D1FFE7002006905EE00D9840F289
:101810000041C4F20201884203D1FFE70120059094
:1018200050E00D9840F60001C4F20201884203D155
:10183000FFE70220049042E00D9840F60041C4F218
:101840000201884203D1FFE70320039034E00D98A2
:1018500041F20001C4F20201884203D1FFE70420F3
:10186000029026E00D9841F20041C4F20201884244
:1018700003D1FFE70520019018E00D9841F6000123
:10188000C4F20201884203D1FFE7062000900AE07B
:101890000D9941F60042C4F202020820914208BFAD
:1018A00007200090FFE700980190FFE70198029061
:1018B000FFE702980390FFE703980490FFE704987E
:1018C0000590FFE705980690FFE70698C0B20B99D0
:1018D00001F00301890000FA01F10898084308901B
:1018E00008980B9921F0030143F60802C4F20102A3
:1018F000885043F60840C4F2010000680890099936
:101900000898884308900C988079C006002805D56F
:10191000FFE70999089808430890FFE7089843F6FD
:101920000841C4F20101086043F60C40C4F2010012
:101930000068089009990898884308900C98807965
:101940008006002805D5FFE7099908980843089004
:10195000FFE7089843F60C41C4F20101086043F622
:101960000440C4F20100006808900999089888436F
:1019700008900C9880798007002805D5FFE7099921
:10198000089808430890FFE7089843F60441C4F21A
:101990000101086043F60040C4F2010000680890AD
:1019A00009990898884308900C988079C00728B155
:1019B000FFE70999089808430890FFE7089843F65D
:1019C0000041C4F201010860FFE7FFE7FFE70B9861
:1019D00001300B902FE60EB07047000044F65030F7
:1019E000C2F200000068704740F20A00C2F2000034
:1019F000027844F65031C2F20001086810440860D1
:101A00007047000080B543F60041C4F20201086847
:101A100040F400700860086840F48060086008685E
:101A200040F480700860032000F0D0F80F2000F030
:101A300005F800F07BF8002080BD000080B58CB078
:101A40000B90002004900390FFE70020009043F6E5
:101A50004000C4F20200016841F01001016000681A
:101A600000F0100000900098FFE706A802A900F01F
:101A7000E7F909980490049820B9FFE700F010FAFC
:101A8000059004E000F00CFA40000590FFE705988F
:101A90004DF68361C4F21B31A0FB01014FF0FF3012
:101AA00000EB9140039040F22C70C2F2000041F232
:101AB0000001C4F20001016040F2E731C160039906
:101AC0004160002101618160816100F0E9FD8DF8D4
:101AD00007009DF8070028BBFFE740F22C70C2F218
:101AE000000000F02FFE8DF807009DF80700C0B938
:101AF000FFE7362000F046F80B980F280CD8FFE7D8
:101B00000B993620002200F047F80B9840F20C01A8
:101B1000C2F20001086003E001208DF80700FFE732
:101B2000FFE7FFE79DF807000CB080BD80B582B0ED
:101B3000FFE70020019043F64400C4F20200016870
:101B400041F480410160006800F4804001900198F8
:101B5000FFE7FFE70020009043F64000C4F20200D8
:101B6000016841F080510160006800F080500090F1
:101B70000098FFE76FF001000F21002200F00CF841
:101B800002B080BD80B582B08DF807009DF90700D6
:101B900003F030FC02B080BD80B586B08DF8170030
:101BA000049103920020029003F03CFC02909DF906
:101BB0001700019002980499039A01F00DFD014667
:101BC000019803F037FC06B080BD000080B582B0FC
:101BD0000190019803F072FC02B080BD80B584B022
:101BE00002900191029820B9FFE701208DF80F00C3
:101BF00021E1019843F60041C4F20201096801F0B5
:101C00000701884212D9FFE7019943F60040C4F268
:101C100002000170006800F007000199884204D0BA
:101C2000FFE701208DF80F0005E1FFE7029800783B
:101C3000800700282AD5FFE702980078400700288F
:101C400009D5FFE743F60801C4F20201086840F431
:101C5000E0500860FFE7029800780007002809D5E7
:101C6000FFE743F60801C4F20201086840F460404F
:101C70000860FFE743F60801C4F20201086820F09B
:101C8000F000029A926810430860FFE7029800781B
:101C9000C00700286ED0FFE702984068012811D1E4
:101CA000FFE743F60000C4F20200006800F40031D0
:101CB0000020B0EB514F04D1FFE701208DF80F0059
:101CC000B9E02CE002984068022805D0FFE70298AE
:101CD0004068032811D1FFE743F60000C4F2020078
:101CE000006800F000710020B0EB516F04D1FFE7F5
:101CF00001208DF80F009EE010E043F60000C4F2D2
:101D00000200006800F002010020B0EB510F04D186
:101D1000FFE701208DF80F008DE0FFE7FFE743F6B6
:101D20000801C4F20201086820F00300029A526818
:101D300010430860FFF752FE0090FFE743F60800EB
:101D4000C4F20200006800F00C0002994968B0EB90
:101D5000810F0ED0FFE7FFF741FE0099401A41F2D4
:101D60008931884204D3FFE703208DF80F0062E039
:101D7000E4E7FFE7019843F60041C4F20201096875
:101D800001F00701884212D2FFE7019943F60040B3
:101D9000C4F202000170006800F007000199884257
:101DA00004D0FFE701208DF80F0044E0FFE7029820
:101DB0000078400700280CD5FFE743F60801C4F27D
:101DC0000201086820F4E050029AD26810430860CB
:101DD000FFE702980078000700280DD5FFE743F6DB
:101DE0000801C4F20201086820F46040029A1269F6
:101DF00040EAC2000860FFE700F076F843F6080109
:101E0000C4F202010968C9B20A0949F21C01C0F60C
:101E10000001895CC84040F20401C2F20001086080
:101E200040F20C00C2F200000068FFF707FE00203D
:101E30008DF80F00FFE79DF80F0004B080BD000093
:101E400082B00190009101990F20086043F60800CC
:101E5000C4F20200016801F00301019A51600168B7
:101E600001F0F001019A9160016801F4E051019ADA
:101E7000D160006800F46040C0080199086143F631
:101E80000040C4F20200006800F0070000990860FA
:101E900002B0704740F20400C2F2000000687047D0
:101EA00080B5FFF7F7FF43F60801C4F202010968A5
:101EB000C1F3822249F22C01C0F60001895CC840BE
:101EC00080BD000080B5FFF7E5FF43F60801C4F2CE
:101ED0000201096889B24A0B49F22C01C0F60001DF
:101EE000895CC84080BD000080B586B000200590A8
:101EF00004900390029043F60800C4F202000068C8
:101F000000F00C000146019140B1FFE70198042860
:101F10000AD0FFE7019808280CD04FE042F20040B9
:101F2000C0F2F40002904FE041F20020C0F27A00CB
:101F3000029049E043F60400C4F20200016801F097
:101F40003F01059100684002002813D5FFE743F6E2
:101F50000400C4F202000068C0F3881041F20021BE
:101F6000C0F27A01A0FB0101059A0023FEF794F963
:101F7000049012E043F60400C4F202000068C0F3CB
:101F8000881042F20041C0F2F401A0FB0101059A61
:101F90000023FEF781F90490FFE743F60400C4F242
:101FA0000200006800F44031022000EBD1300390C1
:101FB00004980399B0FBF1F0029005E042F2004072
:101FC000C0F2F4000290FFE7029806B080BD000066
:101FD00080B586B00490049820B9FFE701208DF801
:101FE000170050E304980078C007002800F0A5808F
:101FF000FFE743F60800C4F20200006800F00C009E
:10200000042813D0FFE743F60800C4F2020000687A
:1020100000F00C0008281ED1FFE743F60400C4F2CC
:10202000020000684002002815D5FFE743F60000D3
:10203000C4F20200006800F400310020B0EB514F00
:1020400008D0FFE70498406820B9FFE701208DF829
:10205000170018E370E0FFE704984068B0F5803F90
:1020600009D1FFE743F60001C4F20201086840F419
:102070008030086020E004984068B0F5A02F0DD1B2
:10208000FFE743F60001C4F20201086840F4802033
:102090000860086840F4803008600CE043F60001F6
:1020A000C4F20201086820F480300860086820F457
:1020B00080200860FFE7FFE7FFE704984068E8B189
:1020C000FFE7FFF78BFC0390FFE743F60000C4F245
:1020D0000200006800F400310020B0EB514F0CD139
:1020E000FFE7FFF77BFC0399401A652804D3FFE75D
:1020F00003208DF81700C6E2E7E71CE0FFF76EFC4F
:102100000390FFE743F60000C4F20200006800F409
:1021100000310020B0EB514F0CD0FFE7FFF75EFC21
:102120000399401A652804D3FFE703208DF81700B0
:10213000A9E2E7E7FFE7FFE7FFE7049800788007F9
:10214000002840F19680FFE743F60800C4F2020041
:10215000006810F00C0F13D0FFE743F60800C4F23C
:102160000200006800F00C0008282CD1FFE743F6BD
:102170000400C4F2020000684002002823D4FFE7F4
:1021800043F60000C4F20200006800F002010020E3
:10219000B0EB510F09D0FFE70498C068012804D0C4
:1021A000FFE701208DF817006DE243F60001C4F24D
:1021B0000201086820F0F800049A126940EAC2009F
:1021C0000860FFE754E00498C06870B3FFE700219F
:1021D000C4F2472101200860FFF700FC0390FFE7ED
:1021E00043F60000C4F20200006800F00201002083
:1021F000B0EB510F0CD1FFE7FFF7F0FB0399401A4A
:10220000032804D3FFE703208DF817003BE2E7E73C
:1022100043F60001C4F20201086820F0F800049AB5
:10222000126940EAC200086021E00021C4F247219F
:1022300000200860FFF7D2FB0390FFE743F60000A1
:10224000C4F20200006800F002010020B0EB510F60
:102250000CD0FFE7FFF7C2FB0399401A032804D311
:10226000FFE703208DF817000DE2E7E7FFE7FFE740
:10227000FFE704980078000700284BD5FFE7049893
:10228000406918B3FFE740F68061C4F2472101209E
:102290000860FFF7A3FB0390FFE743F67400C4F266
:1022A0000200006800F002010020B0EB510F0CD1D9
:1022B000FFE7FFF793FB0399401A032804D3FFE7D6
:1022C00003208DF81700DEE1E7E722E040F68061A9
:1022D000C4F2472100200860FFF780FB0390FFE76E
:1022E00043F67400C4F20200006800F0020100200E
:1022F000B0EB510F0CD0FFE7FFF770FB0399401ACA
:10230000032804D3FFE703208DF81700BBE1E7E7BC
:10231000FFE7FFE7049800784007002840F1CE80EF
:10232000FFE700208DF8070043F64000C4F20200EA
:102330000068C000002815D4FFE7FFE700200090E8
:1023400043F64000C4F20200016841F08051016090
:10235000006800F0805000900098FFE701208DF8A1
:102360000700FFE747F20000C4F200000068C00564
:10237000002822D4FFE747F20001C4F200010868F8
:1023800040F480700860FFF729FB0390FFE747F2F5
:102390000000C4F200000068C00500280CD4FFE76C
:1023A000FFF71CFB0399401A032804D3FFE703201F
:1023B0008DF8170067E1EAE7FFE7FFE70498806818
:1023C000012809D1FFE743F67001C4F20201086851
:1023D00040F0010008601FE00498806805280DD1D6
:1023E000FFE743F67001C4F20201086840F0040000
:1023F0000860086840F0010008600CE043F67001D6
:10240000C4F20201086820F001000860086820F0AA
:1024100004000860FFE7FFE7FFE704988068F8B171
:10242000FFE7FFF7DBFA0390FFE743F67000C4F223
:102430000200006800F002010020B0EB510F0ED145
:10244000FFE7FFF7CBFA0399401A41F2893188423E
:1024500004D3FFE703208DF8170014E1E5E71EE041
:10246000FFF7BCFA0390FFE743F67000C4F20200E6
:10247000006800F002010020B0EB510F0ED0FFE722
:10248000FFF7ACFA0399401A41F28931884204D32C
:10249000FFE703208DF81700F5E0E5E7FFE79DF87B
:1024A0000700012809D1FFE743F64001C4F2020109
:1024B000086820F080500860FFE7FFE70498806913
:1024C000002800F0DC80FFE743F60800C4F20200B9
:1024D000006800F00C00082800F08580FFE70498F1
:1024E000806902285CD1FFE76021C4F24721002007
:1024F0000860FFF773FA0390FFE743F60000C4F2A9
:102500000200006800F000710020B0EB516F0CD0A9
:10251000FFE7FFF763FA0399401A032804D3FFE7A4
:1025200003208DF81700AEE0E7E70499C869D1F8F9
:1025300020C04B6A8A6A40EA0C0040EA8310D2034A
:102540004FF6FF739A43A2F580321043C96A40EAFE
:10255000016043F60401C4F2020108606021C4F284
:10256000472101200860FFF739FA0390FFE743F69F
:102570000000C4F20200006800F000710020B0EB1F
:10258000516F0CD1FFE7FFF729FA0399401A03288E
:1025900004D3FFE703208DF8170074E0E7E721E09C
:1025A0006021C4F2472100200860FFF717FA03906A
:1025B000FFE743F60000C4F20200006800F000717B
:1025C0000020B0EB516F0CD0FFE7FFF707FA03993B
:1025D000401A032804D3FFE703208DF8170052E0C8
:1025E000E7E7FFE74AE004988069012804D1FFE7A4
:1025F00001208DF8170046E043F60400C4F2020003
:102600000068029004988069012831D0FFE70298A1
:1026100000F480000499C969884229D1FFE7029833
:1026200000F03F000499096A884221D1FFE702982F
:1026300047F6C07108400499496AB0EB811F17D171
:10264000FFE7029800F440300499896AC9034FF605
:10265000FF729143A1F58031884209D1FFE70298CA
:1026600000F070600499C96AB0EB016F04D0FFE715
:1026700001208DF8170006E0FFE7FFE7FFE70020E5
:102680008DF81700FFE79DF8170006B080BD000029
:1026900081B0009001B0704781B0009001B07047E8
:1026A00080B582B00090009820B9FFE701208DF836
:1026B00007003FE0009890F83D0040B9FFE700991F
:1026C000002081F83C00009800F038F8FFE70099FE
:1026D000022081F83D00009951F8040B01F044F903
:1026E0000099012081F84600FFE70099012081F858
:1026F0003E00009981F83F00009981F84000009960
:1027000081F84100FFE7FFE70099012081F84200CE
:10271000009981F84300009981F84400009981F8FC
:102720004500FFE70099012081F83D0000208DF869
:102730000700FFE79DF8070002B080BD81B0009060
:1027400001B0704783B00190019890F83D000128D6
:1027500004D0FFE701208DF80B006AE00199022008
:1027600081F83D0001980168C86840F00100C86028
:10277000019800680021C4F2010188423CD0FFE7C3
:1027800001980068B0F1804F36D0FFE701980068EB
:1027900040F20041C4F2000188422DD0FFE70198C9
:1027A000006840F60001C4F20001884224D0FFE72F
:1027B0000198006840F60041C4F2000188421BD035
:1027C000FFE70198006840F20041C4F2010188422D
:1027D00012D0FFE70198006844F20001C4F2010141
:1027E000884209D0FFE70198006841F60001C4F271
:1027F0000001884212D1FFE701980068806800F06C
:10280000070000900098062807D0FFE701980168AC
:10281000086840F001000860FFE706E001980168E1
:10282000086840F001000860FFE700208DF80B0009
:10283000FFE79DF80B0003B07047000081B00090E7
:1028400001B0704780B584B0039003980068C068F9
:10285000029003980068006901909DF804008007C9
:10286000002824D5FFE79DF80800800700281DD523
:10287000FFE7039801686FF00200086103990120E7
:102880000877039800688069800720B1FFE7039804
:10289000FFF7D4FF06E0039800F0E2F8039800F099
:1028A000E3F8FFE7039900200877FFE7FFE79DF8CB
:1028B00004004007002825D5FFE79DF808004007E1
:1028C00000281ED5FFE7039801686FF00400086137
:1028D00003990220087703980068806910F4407F0C
:1028E00004D0FFE70398FFF7A9FF06E0039800F084
:1028F000B7F8039800F0B8F8FFE7039900200877CD
:10290000FFE7FFE79DF804000007002824D5FFE754
:102910009DF80800000700281DD5FFE7039801680F
:102920006FF0080008610399042008770398006895
:10293000C069800720B1FFE70398FFF77FFF06E03B
:10294000039800F08DF8039800F08EF8FFE70399E4
:1029500000200877FFE7FFE79DF80400C006002885
:1029600025D5FFE79DF80800C00600281ED5FFE723
:10297000039801686FF01000086103990820087738
:1029800003980068C06910F4407F04D0FFE7039803
:10299000FFF754FF06E0039800F062F8039800F098
:1029A00063F8FFE7039900200877FFE7FFE79DF84A
:1029B0000400C00778B1FFE79DF80800C00748B1E0
:1029C000FFE7039801686FF001000861039800F0C9
:1029D0004FF8FFE7FFE79DF804000006002810D538
:1029E000FFE79DF808000006002809D5FFE70398D7
:1029F00001686FF0800008610398FFF749FEFFE768
:102A0000FFE79DF804004006002810D5FFE79DF879
:102A100008004006002809D5FFE7039801686FF019
:102A200040000861039800F035F8FFE7FFE79DF8E4
:102A300004008006002810D5FFE79DF808008006F6
:102A4000002809D5FFE7039801686FF020000861AE
:102A50000398FFF721FEFFE7FFE704B080BD000009
:102A600081B0009001B0704781B0009001B0704714
:102A700080B582B001900198006841F20001C4F273
:102A80000001884203D1FFE7FEF7AEFFFFE702B087
:102A900080BD000081B0009001B0704782B001900D
:102AA000ADF8021002B0704781B0009001B07047DD
:102AB00080B592B01190119800680068109011983C
:102AC0000068C0680F901198006840690E9000205F
:102AD0000D900C90109800F00F000D900D9888B993
:102AE000FFE79DF84000800600280AD5FFE79DF823
:102AF0003C008006002804D5FFE7119801F084F817
:102B0000EAE1FFE70D98002800F0C280FFE79DF89A
:102B10003800C00738B9FFE7BDF83C0010F4907FDB
:102B200000F0B680FFE79DF84000C00758B1FFE70E
:102B30009DF83D00C00730B1FFE71199486C40F0A7
:102B400001004864FFE79DF84000400700280BD5CE
:102B5000FFE79DF83800C00730B1FFE71199486CD6
:102B600040F002004864FFE79DF84000800700281D
:102B70000BD5FFE79DF83800C00730B1FFE711998A
:102B8000486C40F004004864FFE79DF840000007EF
:102B9000002811D5FFE79DF83C008006002805D4E9
:102BA000FFE79DF83800C00730B1FFE71199486C86
:102BB00040F008004864FFE71198406C002866D098
:102BC000FFE79DF84000800600280AD5FFE79DF842
:102BD0003C008006002804D5FFE7119801F014F8A6
:102BE000FFE7119800684069C0F380100C901198BD
:102BF000406C0007002804D4FFE70C9800283ED062
:102C0000FFE7119800F0A2FF1198006840694006A4
:102C100000282FD5FFE7FFE7FFE71198006850E88D
:102C2000050F20F040000B90FFE70B991198026808
:102C300042E805100028F0D1FFE7FFE71198C06BCC
:102C400098B1FFE71198C16B43F62D30C0F6000034
:102C500008651198C06BFEF7C3FC28B1FFE7119817
:102C6000C06B016D8847FFE703E01198FFF71CFF79
:102C7000FFE703E01198FFF717FFFFE706E0119861
:102C8000FFF712FF119900204864FFE7FFE723E1F7
:102C90001198006B012840F0FF80FFE79DF840008D
:102CA000C006002840F1F880FFE79DF83C00C00610
:102CB000002840F1F180FFE7FFE700200A9011981B
:102CC000006800680A901198006840680A900A98A5
:102CD000FFE71198006840694006002840F18280B3
:102CE000FFE71198C06B00684068ADF82600BDF89A
:102CF0002600002875D0FFE7BDF826001199898DC0
:102D000088426EDAFFE7BDF826001199C885119850
:102D1000C06BC069B0F5807F58D0FFE7FFE7FFE7E1
:102D20001198006850E8030F20F480700890FFE7C6
:102D300008991198026842E803100028F0D1FFE7D3
:102D4000FFE7FFE7FFE71198006850E8050F20F064
:102D500001000790FFE707991198026842E8051003
:102D60000028F0D1FFE7FFE7FFE7FFE711980068D1
:102D700050E8050F20F040000690FFE706991198F3
:102D8000026842E805100028F0D1FFE7FFE711993B
:102D9000202081F84200119900200863FFE7FFE737
:102DA0001198006850E8030F20F010000590FFE72D
:102DB00005991198026842E803100028F0D1FFE756
:102DC000FFE71198C06BFEF795FBFFE71199022012
:102DD00048631198818DC28D891A89B2FFF75EFE12
:102DE000FFE779E01199888DC98D401AADF812007E
:102DF0001198C08D00284ED0FFE7BDF812000028C2
:102E000049D0FFE7FFE7FFE71198006850E8030F9C
:102E100020F490700390FFE703991198026842E84C
:102E200003100028F0D1FFE7FFE7FFE7FFE7119865
:102E3000006850E8050F20F001000290FFE70299BA
:102E40001198026842E805100028F0D1FFE7FFE77B
:102E50001199202081F84200119900200863FFE7B2
:102E6000FFE71198006850E8030F20F01000019070
:102E7000FFE701991198026842E803100028F0D199
:102E8000FFE7FFE71199022048631198BDF812107F
:102E9000FFF704FEFFE71FE09DF840000006002852
:102EA0000AD5FFE79DF83C000006002804D5FFE79F
:102EB000119801F02FF80FE09DF84000400600281F
:102EC0000AD5FFE79DF83C004006002804D5FFE73F
:102ED000119800F085FEFFE712B080BD80B582B08A
:102EE0000090009820B9FFE701208DF8070040E02E
:102EF0000098806908B1FFE700E0FFE7009890F8CC
:102F0000410040B9FFE70099002081F84000009897
:102F100000F034F8FFE70099242081F84100009880
:102F20000168C86820F40050C860009800F022FFD3
:102F300000980168086920F49040086100980168D1
:102F4000486920F02A00486100980168C86840F488
:102F50000050C860009900204864009A202182F83F
:102F60004110009A82F84210009948638DF80700DA
:102F7000FFE79DF8070002B080BD000080B59CB05F
:102F80001B9000201A9019901890179016901B987B
:102F9000006841F20001C4F2010188423ED1FFE71E
:102FA000FFE70020159043F64400C4F202000168D8
:102FB00041F010010160006800F0100015901598B4
:102FC000FFE7FFE70020149043F63000C4F2020050
:102FD000016841F001010160006800F001001490F7
:102FE0001498FFE74FF4C06016900220179000205D
:102FF0000B9018900320199007201A900020C4F21B
:10300000020016A9FEF70EFB0B9A25200C90052155
:10301000FEF7C2FD0C98FEF7B5FD03E11B980068B2
:1030200044F20041C4F2000188423ED1FFE7FFE7CD
:103030000020139043F64000C4F20200016841F4FE
:1030400000310160006800F4003013901398FFE72E
:10305000FFE70020129043F63000C4F2020001683E
:1030600041F008010160006800F008001290129819
:10307000FFE760201690022017900020099018901A
:103080000320199007201A9040F60040C4F2020075
:1030900016A9FEF7C7FA099A26200A900521FEF71D
:1030A0007BFD0A98FEF76EFDBBE01B98006844F6B6
:1030B0000001C4F20001884269D1FFE7FFE7002068
:1030C000119043F64000C4F20200016841F48021EF
:1030D0000160006800F4802011901198FFE7FFE77D
:1030E0000020109043F63000C4F20200016841F065
:1030F00002010160006800F0020010901098FFE7E4
:10310000FFE700200F9043F63000C4F20200016890
:1031100041F008010160006800F008000F900F986E
:10312000FFE74FF49840169002200390179000207C
:1031300007901890032004901990072005901A908A
:1031400040F20040C4F2020016A90691FEF76AFAA6
:10315000DDF80CC0049A05980699079B4FF4006EA1
:10316000CDF858E0CDF85CC0189319921A9040F64B
:103170000040C4F20200FEF755FA079A2720089093
:103180000521FEF709FD0898FEF7FCFC48E01B98B6
:10319000006841F20041C4F2010188423FD1FFE7DB
:1031A000FFE700200E9043F64400C4F202000168DD
:1031B00041F020010160006800F020000E900E98A0
:1031C000FFE7FFE700200D9043F63000C4F2020055
:1031D000016841F040010160006800F040000D907E
:1031E0000D98FFE74FF484401690022017900020BE
:1031F000019018900320199008201A9041F60000C1
:10320000C4F2020016A9FEF70DFA019A47200290B7
:103210000521FEF7C1FC0298FEF7B4FCFFE7FFE7CB
:10322000FFE7FFE71CB080BD80B584B0029001913C
:10323000ADF80220029890F84200202817D1FFE74D
:10324000019820B1FFE7BDF8020020B9FFE7012097
:103250008DF80F000FE00299002008630298019991
:10326000BDF8022000F024FE8DF80F0003E00220DC
:103270008DF80F00FFE79DF80F0004B080BD00003F
:1032800080B584B0039000200190FFE7019840F2E0
:103290003851C2F20001096888422EDAFFE701992D
:1032A00040F21850C2F2000050F8210080680399E3
:1032B00088421DD1FFE7019940F21850C2F2000088
:1032C000009050F8211009798DF80B10019950F8F1
:1032D00021009DF80B100268126890470098019930
:1032E00050F82110886804310122FFF79DFFFFE7A5
:1032F000FFE7019801300190C8E704B080BD0000ED
:1033000081B0009001B07047FFE7FEE780B582B062
:1033100040F2DC60C2F20000009046F20041C4F2CC
:103320000001016003214160002101918160C160C1
:103330004FF4002202614FF440124261017641765F
:103340008176C17601774177FDF700FE18B1FFE77E
:10335000FDF748F9FFE702B080BD000080B582B0FC
:1033600040F20470C2F20000009046F60001C4F280
:103370000001016003214160002101918160C16071
:103380004FF4002202614FF440124261017641760F
:103390008176C17601774177FDF7D8FD18B1FFE757
:1033A000FDF720F9FFE702B080BD000080B582B0D4
:1033B00043F2F560C0F6000049F29C02C0F600023C
:1033C0000021019102F0ECF9019940F23462C2F25D
:1033D0000002106043F61930C0F6000049F278028E
:1033E000C0F6000202F0DCF940F22461C2F20001F2
:1033F000086002B080BD000086B0FFE700200590A5
:1034000043F63000C4F20200016841F0040101609B
:10341000006800F0040005900598FFE7FFE7002032
:10342000049043F63000C4F20200016841F08001CC
:103430000160006800F0800004900498FFE7FFE757
:103440000020039043F63000C4F20200016841F00E
:1034500002010160006800F0020003900398FFE79A
:10346000FFE70020029043F63000C4F2020001683A
:1034700041F008010160006800F008000290029825
:10348000FFE7FFE70020019043F63000C4F202009E
:10349000016841F001010160006800F00100019045
:1034A0000198FFE7FFE70020009043F63000C4F2E8
:1034B0000200016841F040010160006800F0400036
:1034C00000900098FFE706B07047000080B582B01A
:1034D00040F27470C2F20000019041F20001C4F2A7
:1034E000010101604FF4E131416000218160C16060
:1034F00001610C2242618161C161FFF7EFFC18B1EB
:10350000FFE7FDF76FF8FFE702B080BD80B582B03E
:1035100040F2BC70C2F20000019044F20041C4F2DB
:10352000000101604FF4E131416000218160C16020
:1035300001610C2242618161C161FFF7CFFC18B1CA
:10354000FFE7FDF74FF8FFE702B080BD80B582B01E
:1035500040F60400C2F20000019044F60001C4F2FB
:10356000000101604FF4E131416000218160C160E0
:1035700001610C2242614FF440728261C161FFF728
:10358000ADFC18B1FFE7FDF72DF8FFE702B080BDF5
:1035900080B582B040F64C00C2F20000019041F2CA
:1035A0000041C4F2010101604FF4E12141600021BA
:1035B0008160C16001610C2242618161C161FFF7DC
:1035C0008DFC18B1FFE7FDF70DF8FFE702B080BDF5
:1035D000FFE7FEE7FFE7FEE788B007900691059258
:1035E000079800F0070004900498C0F10700052830
:1035F00003D3FFE70420019004E00498C0F1070022
:103600000190FFE70198039004980430062803D83E
:10361000FFE70020009003E0049803380090FFE7E4
:103620000098029006980399012202FA01F10139EB
:103630000840029B984005999A40013A114008437E
:1036400008B070470000000000000000000000000B
:10365000EFF30980BFF36F8F154B1A681EF0100F40
:1036600008BF20ED108A20E9F04F10602DE9090015
:103670004FF0500080F31188BFF34F8FBFF36F8F6F
:1036800003F012FD4FF0000080F31188BDE809003F
:1036900019680868B0E8F04F1EF0100F08BFB0ECD2
:1036A000108A80F30988BFF36F8F704700BF00BF97
:1036B0002C0A0020000000000000000000000000B4
:1036C000074B19680868B0E8F04F80F30988BFF32A
:1036D0006F8F4FF0000080F31188704700BF00BF6C
:1036E0002C0A002080B56FF00400002101F0C4FE18
:1036F00080BD000080B582B0019001F06FFFFFE750
:1037000000F004F8052001F0E3FFF9E780B588B088
:1037100040F27800C2F200000079C00748BBFFE722
:1037200045F22C30C2F2000040F20001C2F200016A
:10373000098800EE101AB8EEC03A90ED0F0A90ED2D
:10374000102A90ED111A20EE030A62EE030A40F2ED
:103750000800C2F20000008802EE100AB8EEC22A89
:1037600021EE021A40F22860C2F2000001F0F0FAE5
:1037700045E040F27800C2F200000079C007E8B3EB
:10378000FFE745F22C30C2F2000040F20001C2F225
:103790000001098800EE101AB8EEC02A90ED0F3A29
:1037A00090ED101A90ED110A23EE023A8DED053AD4
:1037B00021EE021A8DED061A40F20800C2F2000056
:1037C000008801EE100AB8EEC11A20EE010A8DED54
:1037D000070A40F2C850C2F2000001F0ABF99DEDBB
:1037E000050ADDED060A9DED071AD0ED031A40F239
:1037F0002860C2F2000001F03BFBFFE7FFE740F268
:103800002860C2F20000019090ED000A40F238609A
:10381000C2F20000029001F04DF8019890ED010A0B
:1038200040F69400C2F20000039001F043F80198C2
:1038300090ED020A40F6A460C2F20000049001F08C
:1038400039F8029800F0AAFF039800F0A7FF049847
:1038500000F0A4FF40F2DC60C2F200004FF40071FF
:1038600001F046F808B080BD80B54EF21000CEF2EF
:103870000000006804F0F4F9012803D0FFE703F02A
:1038800023FDFFE780BD000080B594B008A830217B
:10389000FCF7C7FD00200790069005900490039068
:1038A000FFE70020029043F64000C4F202000168E6
:1038B00041F080510160006800F080500290029851
:1038C000FFE7FFE70020019047F20000C4F200008C
:1038D000016841F480410160006800F4804001907B
:1038E0000198FFE7012008904FF4803009900221F1
:1038F0000E914FF480000F9004201090A822119296
:103900001291139008A8FEF763FB18B1FFE7FCF7CC
:1039100069FEFFE70F20039002200490002005902D
:103920004FF4A05006904FF48050079003A8052153
:10393000FEF754F918B1FFE7FCF754FEFFE714B0A7
:1039400080BD00004EF68851CEF20001086840F4B8
:10395000700008607047000080B540F22C70C2F221
:103960000000FEF76FFF80BD83B0029001910298C6
:103970000068009002980021C4F20101884225D01D
:10398000FFE70298B0F1804F20D0FFE7029840F2A5
:103990000041C4F20001884218D0FFE7029840F6C7
:1039A0000001C4F20001884210D0FFE7029840F6FF
:1039B0000041C4F20001884208D0FFE7029840F2BB
:1039C0000041C4F2010188420AD1FFE7009820F0CB
:1039D0007000009001984168009808430090FFE74C
:1039E00002980021C4F20101884255D0FFE70298F5
:1039F000B0F1804F50D0FFE7029840F20041C4F28E
:103A00000001884248D0FFE7029840F60001C4F266
:103A10000001884240D0FFE7029840F60041C4F21E
:103A20000001884238D0FFE7029840F20041C4F21A
:103A30000101884230D0FFE7029844F20001C4F24D
:103A40000101884228D0FFE7029844F20041C4F205
:103A50000101884220D0FFE7029844F60001C4F239
:103A60000101884218D0FFE7029841F60001C4F234
:103A70000001884210D0FFE7029841F60041C4F2ED
:103A80000001884208D0FFE7029842F20001C4F228
:103A9000000188420AD1FFE7009820F440700090AE
:103AA0000198C168009808430090FFE7009820F053
:103AB00080000199496908430090009802990860C4
:103AC000019880680299C86201980068029988622A
:103AD00002980021C4F20101884208D0FFE7029851
:103AE00040F20041C4F20101884205D1FFE701988C
:103AF000006902990863FFE7029901204861029872
:103B00000069C00730B1FFE70299086920F00100A1
:103B10000861FFE703B0704780B582B00190FFE70E
:103B200004F0EAFB022001F0D3FDF9E780B582B092
:103B300001900198806B009000990020C885009941
:103B4000C8840098FEF7B0FF02B080BD84B0039037
:103B5000FFE7FFE70398006850E8030F20F4907038
:103B60000290FFE702990398026842E803100028D8
:103B7000F0D1FFE7FFE7FFE7FFE70398006850E8B1
:103B8000050F20F001000190FFE7019903980268FA
:103B900042E805100028F0D1FFE7FFE70398006B2B
:103BA000012814D1FFE7FFE7FFE70398006850E81A
:103BB000030F20F010000090FFE7009903980268BF
:103BC00042E803100028F0D1FFE7FFE7FFE7039981
:103BD000202081F8420003990020086304B0704758
:103BE00080B582B0019001980168C86820F040005B
:103BF000C8600199202081F841000198FFF780FBFF
:103C0000002002B080BD000080B586B0049004980A
:103C100090F84200222840F0A480FFE704988068D2
:103C2000B0F5805F15D1FFE70498006988B9FFE718
:103C3000002003900498806A02900498006840680D
:103C40006FF35F20029908800499886A02308862C5
:103C500025E00498806A0390002002900498806810
:103C6000B0F5805F08D0FFE70498806850B9FFE79F
:103C70000498006930B9FFE7049800684068039928
:103C8000087007E004980068406800F07F0003991E
:103C90000870FFE70499886A01308862FFE7049999
:103CA000C88D0138C8850004002856D1FFE7049864
:103CB0000168C86820F02000C86004980168C868DE
:103CC00020F48070C86004980168486920F0010001
:103CD00048610499202081F842000499002048633B
:103CE0000498006B012830D1FFE704990020086395
:103CF000FFE7FFE70498006850E8030F20F010008A
:103D00000190FFE701990498026842E80310002837
:103D1000F0D1FFE7FFE7049800680068C0060028BC
:103D20000ED5FFE7FFE700200090049800680068C8
:103D3000009004980068406800900098FFE7FFE753
:103D40000498818DFEF7AAFE03E00498FFF798FA25
:103D5000FFE700208DF8170007E000208DF817001E
:103D600003E002208DF81700FFE79DF8170006B06A
:103D700080BD000080B586B0059005980068006998
:103D800020F44050059A1168D268104308610599E3
:103D900088680B694A69C96918431043084304904D
:103DA00005980068C06849F20C618843049908438B
:103DB00005990968C86005980068406920F440705A
:103DC000059A11689269104348610598006841F2AC
:103DD0000001C4F20101884209D0FFE7059800689C
:103DE00041F20041C4F20101884204D1FFE7FEF72D
:103DF00069F8039003E0FEF753F80390FFE7059896
:103E0000C069B0F5004F29D1FFE703981921A0FB45
:103E10000101059A1368029353685A00DB0FFCF7FF
:103E20003BFA0299864648F21F53C5F2EB13AEFBEC
:103E30000320420910014FF0640C02FB1CEC3222FB
:103E400002EBCC02A2FB0332F82303EA521300EB8D
:103E50004300C2F342121044886026E003981921FF
:103E6000A0FB0101059A1368019353689A009B0F08
:103E7000FCF712FA0199844648F21F52C5F2EB1280
:103E8000ACFB02304309642003FB10CC322000EB72
:103E90000C10A0FB0202F02000EA521000EB03100D
:103EA000C2F3431210448860FFE706B080BD0000F3
:103EB00083B002900191ADF80220019802998862C6
:103EC000BDF8020002998885BDF802000299C885F4
:103ED0000299002048640299222081F84200029849
:103EE000006938B1FFE702980168C86840F4807043
:103EF000C860FFE702980168486940F00100486126
:103F000002980168C86840F02000C860002003B033
:103F10007047000083B00190019890F8410021287B
:103F20003AD1FFE701988068B0F5805F13D1FFE7D1
:103F30000198006978B9FFE70198006A009000983D
:103F400000886FF35F200199096848600199086A49
:103F50000230086208E0019A106A411C1162007880
:103F6000019909684860FFE70199C88C0138C88445
:103F7000000468B9FFE701980168C86820F0800074
:103F8000C86001980168C86840F04000C860FFE759
:103F900000208DF80B0003E002208DF80B00FFE7F6
:103FA0009DF80B0003B0704780B540F27470C2F208
:103FB0000000FEF77DFD80BD80B540F2BC70C2F20E
:103FC0000000FEF775FD80BD80B540F60400C2F22A
:103FD0000000FEF76DFD80BD80B540F64C00C2F2DA
:103FE0000000FEF765FD80BDFFE7FEE780B501F04C
:103FF0009FFA01F0A9FA01F0B3FA01F0BDFA01F05D
:10400000C3FA01F0CFFA01F0DBFA80BD80B501F010
:1040100073FA80BD82B001908DF8031002B0704732
:1040200080B582B001900199886804310122FFF7C0
:10403000FBF802B080BD000085B0039002910399A7
:104040000091049149F23400C0F600000830086085
:10405000002008734873887340F23850C2F20000A1
:104060000068092804DBFFE700990020087334E0AA
:1040700000208DF80700FFE79DF80700072818DCEF
:10408000FFE79DF8071040F21850C2F2000050F808
:10409000210080680299884204D1FFE7009900203E
:1040A00008731AE0FFE79DF8070001308DF807005C
:1040B000E2E700990298886040F23852C2F20002AA
:1040C000136840F21850C2F2000040F82310106844
:1040D0000130106001200873FFE7049805B07047B5
:1040E00084B00290029803900022014641F8402BD0
:1040F000043000910190FFE70199009A002041F8F7
:10410000040B084691420190F6D1FFE7039804B0F2
:104110007047000080B584B003900398019000219F
:1041200002918170C1704430FFF7DAFF0198029963
:10413000A0F8861004B080BD81B0009000980021E6
:1041400001604160816001624162816201B070473B
:1041500081B000900099487C00F001000874C87C90
:1041600000F001008874487D00F001000875C87DEA
:1041700000F001008875487E00F001000876C87ED6
:1041800000F001008876487F00F001000877C87FC2
:1041900000F00100887791F8210000F0010081F81B
:1041A000200091F8230000F0010081F8220091F82E
:1041B000250000F0010081F8240091F8270000F0AC
:1041C000010081F8260091F8290000F0010081F833
:1041D000280091F82B0000F0010081F82A0091F8E6
:1041E0002D0000F0010081F82C0091F82F0000F064
:1041F000010081F82E0001B07047000082B00190EC
:1042000001980090008E46F2915188420BDBFFE747
:104210000098008E49F26F41884204DCFFE7009964
:104220000020C8630EE00098018E00EE101AB8EE70
:10423000400A9FED371A30EE410A80EE010A80ED08
:104240000F0AFFE70098408E46F2915188420BDB3F
:10425000FFE70098408E49F26F41884204DCFFE797
:104260000099002008640EE00098418E00EE101ABC
:10427000B8EE400A9FED261A31EE400A80EE010AA0
:1042800080ED100AFFE70098808E46F29151884237
:104290000BDBFFE70098808E49F26F41884204DC17
:1042A000FFE70099002048640EE00098818E00EE40
:1042B000101AB8EE400A9FED161A30EE410A80EE51
:1042C000010A80ED110AFFE70098C08E46F2915175
:1042D00088420BDBFFE70098C08E49F26F418842AD
:1042E00004DCFFE70099002088640EE00098C18E8E
:1042F00000EE101AB8EE400A9FED051A31EE400AA2
:1043000080EE010A80ED120AFFE702B0704700BF9D
:104310000000004784B003908DF80B1001920398C1
:1043200000909DF80B001C2840F08F80FFE700995B
:1043300001980078002818BF01204874019840783F
:10434000002818BF0120C87401988078002818BF81
:10435000012048750198C078002818BF0120C87551
:1043600001980079002818BF01204876019840790B
:10437000002818BF0120C87601988079002818BF4E
:10438000012048770198C079002818BF0120C8771C
:104390000198007A002818BF012081F821000198B7
:1043A000407A002818BF012081F823000198807A04
:1043B000002818BF012081F825000198C07A002844
:1043C00018BF012081F827000198007B002818BF42
:1043D000012081F829000198407B002818BF0120A6
:1043E00081F82B000198807B002818BF012081F8FC
:1043F0002D000198C07B002818BF012081F82F00F4
:104400000198027C407C40EA022008860198827C68
:10441000C07C40EA022048860198027D407D40EA47
:10442000022088860198827DC07D40EA0220C886ED
:104430000198027E407E40EA022008870198827E31
:10444000C07E40EA02204887FFE704B070470000C2
:1044500080B584B003908DF80B100398009090F80D
:10446000EC0001460191082800F2B6800199DFE8CE
:1044700001F0051428313D555E677B009DF80B0067
:10448000FC2809D1FFE70099012081F8EC009DF894
:104490000B0081F86000FFE7A3E09DF80B00FB280C
:1044A00009D1FFE70099022081F8EC009DF80B008C
:1044B00081F8610004E00099002081F8EC00FFE73A
:1044C0008FE000999DF80B0081F86200032081F8CD
:1044D000EC0086E000999DF80B0081F86300002055
:1044E00081F85C00042081F8EC007AE000999DF8E6
:1044F0000B0091F85C30CA18013381F85C3082F807
:10450000640091F85C0091F86310884205DBFFE7D6
:104510000099052081F8EC00FFE762E000999DF822
:104520000B0081F8E800062081F8EC0059E00099C2
:104530009DF80B0081F8E900072081F8EC0050E0BD
:104540009DF80B00FD2809D1FFE70099082081F8AC
:10455000EC009DF80B0081F8E40004E000990020D5
:1045600081F8EC00FFE73CE09DF80B00FE282ED11F
:10457000FFE700999DF80B0081F8E50000208DF819
:104580000A00FFE700999DF80A0091F8631088423D
:104590000FDAFFE700989DF80A10014491F86400D3
:1045A00081F8A400FFE79DF80A0001308DF80A00A9
:1045B000E8E70098FFF7CCFD009890F8631000F151
:1045C000A402FFF7A7FE0098FFF718FEFFE7009987
:1045D000002081F8EC0004E00099002081F8EC0054
:1045E000FFE704B080BD000080B584B00390029165
:1045F000039801900299FFF71FFD019949F24000CD
:10460000C0F6000000F10802084640F8602B1031A7
:104610000091FFF77FFD00982C21FBF702FF019826
:1046200004B080BD84B0039002910192039900917F
:1046300001980068896B01F50071884226D1FFE777
:10464000009902980278407840EA0220A1F8900090
:1046500002988278C07840EA0220A1F8920002987D
:104660000279407940EA0220A1F89400029880790A
:1046700081F89600B1F9920000EE100AB8EEC00A77
:1046800081ED1C0A012081F8A200FFE740F2615190
:10469000C2F200010020087004B0704783B002909D
:1046A00002980090806BC0B3FFE70098806B0428ED
:1046B00033D8FFE70098826B6FF0010101EB4201F4
:1046C0008DF80710406840F2DC61C2F200018842B8
:1046D00011D1FFE7009890F8A1109DF8073040F243
:1046E0004152C2F20002D15490F8A0009DF8071088
:1046F0001144487010E0009890F8A1109DF8073020
:1047000040F25152C2F20002D15490F8A0009DF83C
:10471000071011444870FFE73DE00098806B0528C2
:1047200038D3FFE70098806B082833D8FFE700985C
:10473000826B6FF0090101EB42018DF806104068B1
:1047400040F2DC61C2F20001884211D1FFE700981B
:1047500090F8A1109DF8063040F24952C2F20002D2
:10476000D15490F8A0009DF806101144487010E054
:10477000009890F8A1109DF8063040F25952C2F20C
:104780000002D15490F8A0009DF806101144487022
:10479000FFE7FFE7FFE703B07047000080B584B094
:1047A00003900398019090ED1B0A90ED1C1A30EED7
:1047B000410A80ED1D0A90ED181A90ED1D0AB1EE28
:1047C000411AB4EE410AF1EE10FA11DDFFE701984B
:1047D00090ED181A90ED1D0AB4EE410AF1EE10FAB0
:1047E00006DAFFE70199486F88670020C867FFE78E
:1047F000019890ED150A90ED1D1A20EE010A80ED4A
:10480000200A90ED191A90ED1D0AB4EE410AF1EE5E
:1048100010FA0DDCFFE7019890ED191A90ED1D0AD2
:10482000B1EE411AB4EE410AF1EE10FA04DAFFE7F4
:1048300001990020C86709E0019890ED1D1A90EDDC
:104840001F0A30EE010A80ED1F0AFFE7019890ED84
:10485000160A90ED1F1A20EE010A80ED210A90ED54
:10486000170A90ED1D1A90ED1E2A31EE421A20EE25
:10487000010A80ED220A416F816790ED200A90EDD8
:10488000212A90ED221A30EE020A30EE010A8DED57
:10489000020A9DED020AD0ED1A0A00F0A3F8019871
:1048A00080ED230A00F016F80198FFF7F7FE04B038
:1048B00080BD000082B001908DED000A01989DED51
:1048C000000AB3EE031A20EE010A80ED1B0A02B0C3
:1048D0007047000081B00090009991ED230ABDEE71
:1048E000C00A10EE100AA1F8A00001B07047000045
:1048F00080B58AB0099008910898B0F5007F0DD076
:10490000FFE7089840F2FF11884207D0FFE740F226
:104910004051C2F2000101200870FFE70020019021
:1049200008990291039005900490082106918DF852
:104930001C000898B0F5007F25D1FFE7099840F2E8
:10494000DC61C2F2000188420AD1FFE7099840F217
:104950004152C2F2000202A901ABFBF771FEFFE770
:10496000099840F20471C2F2000188420AD1FFE7BF
:10497000099840F25152C2F2000202A901ABFBF7C2
:104980005FFEFFE72BE0089840F2FF11884225D137
:10499000FFE7099840F2DC61C2F2000188420AD1C7
:1049A000FFE7099840F24952C2F2000202A901ABA6
:1049B000FBF746FEFFE7099840F20471C2F20001DE
:1049C00088420AD1FFE7099840F25952C2F2000228
:1049D00002A901ABFBF734FEFFE7FFE7FFE70AB0F0
:1049E00080BD000083B002908DED010ACDED000A7C
:1049F0009DED010A9DED001AB4EE410AF1EE10FAA8
:104A000003DDFFE70098019013E09DED010A9DEDA5
:104A1000001AB1EE411AB4EE410AF1EE10FA07DACB
:104A2000FFE79DED000AB1EE400A8DED010AFFE7B8
:104A3000FFE79DED010A03B07047000087B00690C4
:104A40008DED050ACDED040A8DED031ACDED021AA8
:104A50008DED012ACDED002A069905984865049848
:104A600088650398C865029808660098886601986A
:104A7000486607B07047000080B586B00490039187
:104A800002920498019005900399029A00F0E2FACC
:104A9000019849F24C01C0F60001083140F8541B5E
:104AA000FFF74AFB0298092807D3FFE740F240517D
:104AB000C2F200010120087038E0039840F2DC6186
:104AC000C2F20001884214D1FFE740F23C50C2F22A
:104AD0000000018801310180B0F90000082807DBDF
:104AE000FFE740F24051C2F20001012008701DE0D2
:104AF0001CE0039840F20471C2F20001884214D114
:104B0000FFE740F23E50C2F200000188013101800F
:104B1000B0F90000082807DBFFE740F24051C2F27D
:104B200000010120087001E0FFE7FFE7059806B0EB
:104B300080BD000081B00090009901F1280091ED46
:104B4000040A91ED0A1A30EE410A81ED0D0A91ED49
:104B5000070A91ED0B1A30EE410A81ED0E0A91ED34
:104B6000080A91ED0C1A30EE410A81ED0F0A01B0EE
:104B7000704700000000000080B586B005908DF8F9
:104B800013100598029090F85800014603910428EC
:104B900000F2A5800399DFE801F0030E28415100DF
:104BA0009DF813000D2805D1FFE70299012081F837
:104BB0005800FFE798E09DF813000A2808D1FFE7A6
:104BC0000299022081F85800002081F859000BE07A
:104BD0009DF813000D2801D1FFE704E002990020A1
:104BE00081F85800FFE7FFE77EE002989DF8131078
:104BF00090F85930C218013380F8593082F84010CB
:104C000090F85900182808DBFFE70299002081F886
:104C10005900032081F85800FFE765E09DF8130074
:104C20000A2805D1FFE70299042081F8580004E022
:104C30000299002081F85800FFE755E09DF8130025
:104C40000D2847D1FFE70298006C04F053F941ECBE
:104C5000100B51EC100B9FED260B53EC102B019316
:104C6000009203F05BFF41EC100B51EC100B03F0D2
:104C70007BFE014602980161406C04F03BF9009A0A
:104C8000019B41EC100B51EC100B03F047FF41EC82
:104C9000100B51EC100B03F067FE014602984161C6
:104CA000806C04F027F9009A019B41EC100B51EC49
:104CB000100B03F033FF41EC100B51EC100B03F021
:104CC00053FE02998861C86CC861086D0862486D1E
:104CD0004862FFE70299002081F8580004E0029939
:104CE000002081F85800FFE706B080BD00BF00BF7C
:104CF000CAC342AD69DE913F81B000900098103088
:104D000001B0704780B584B0039002910398019080
:104D10000299FFF791F9019849F25C01C0F6000190
:104D200008310160002141620162C161816141611C
:104D30000161C163816341630163C1628162416555
:104D40000165C16481644164016404B080BD0000F8
:104D500080B58EB00D908DED0C0ACDED0B0A8DED6A
:104D60000A1A0D9809909DED0C1A9DED0A0AB8EEED
:104D7000002A20EE020A30EE410A80ED000A9DED85
:104D80000C0A9DED0B1A9FED382A8DED022A21EEBB
:104D9000021A9FED362A8DED032A20EE020A30EE2C
:104DA000010A10EE100A04F0A5F841EC100B8DED8D
:104DB000000B0A9804F09EF841EC100B51EC100B1C
:104DC0009FED270B53EC102B0593049203F0A6FEE6
:104DD0009DED000B53EC102B41EC100B51EC100B24
:104DE00003F0F4FD41EC100B51EC100B03F0BCFD93
:104DF0009DED023A9DED032A099948609DED0C0A4C
:104E00009DED0B1A21EE031A20EE020A30EE410A44
:104E100010EE100A04F06EF841EC100B8DED060B4D
:104E20000A9804F067F8049A059B41EC100B51ECCA
:104E3000100B03F073FE9DED060B53EC102B41ECB1
:104E4000100B51EC100B03F0C1FD41EC100B51ECB9
:104E5000100B03F089FD099988600EB080BD00BF7A
:104E6000C63368E89FA0064048BF3D3FC3D32BBF71
:104E700080B58CB00B908DED0A0ACDED090A8DED51
:104E8000081ACDED071A0B9804909DED070A00F063
:104E90009DFA8DED010A9DED0A0A8DED000A9DED4A
:104EA000070A00F09DFA9DED002AB0EE401A9DED34
:104EB000010A9DED093A21EE031A20EE020A30EEB6
:104EC000010A8DED060A9DED070A00F089FA8DEDC5
:104ED000030A9DED0A0A8DED020A9DED070A00F016
:104EE00075FA9DED022A9DED031A04989DED093A8D
:104EF00020EE030A21EE021A30EE410A8DED050A7A
:104F00009DED060ADDED050A9DED081AFFF720FF6D
:104F10000CB080BD81B0009000980021016041601C
:104F2000816001B07047000085B003900399009143
:104F30000491002008600874886101F11C00683148
:104F400001910290FFE70299019A002041F8040BB9
:104F5000084691420290F6D1FFE700994FF40070A5
:104F6000C866049805B0704783B002900191009222
:104F700003B0704781B0009001B0704780B58AB02F
:104F8000012107910020069000900190029003906B
:104F900005900891049040F2DC60C2F2000069467E
:104FA000FBF7FAFB18B1FFE7FBF71CFBFFE740F24A
:104FB000DC60C2F20000FCF73BFA18B1FFE7FBF738
:104FC00011FBFFE740F2DC60C2F200000221FBF7B8
:104FD0000DFB18B1FFE7FBF705FBFFE70AB080BD4B
:104FE00080B58AB0012207920021069100910191BB
:104FF000029103910E20059008920491099040F2CD
:105000000470C2F200006946FBF7C6FB18B1FFE767
:10501000FBF7E8FAFFE740F20470C2F20000FCF789
:1050200007FA18B1FFE7FBF7DDFAFFE740F204707B
:10503000C2F200000221FBF7D9FA18B1FFE7FBF733
:10504000D1FAFFE70AB080BD80B5FFF797FFFFF701
:10505000C7FF80BD8AB00890079106920899029117
:10506000099149F26800C0F600000830086007980E
:10507000486006988863002081F83C0001F13D00FB
:10508000443103910490FFE70499039A002001F84A
:10509000010B084691420490F6D1FFE702990020E7
:1050A00081F8440001F145004C3100910190FFE787
:1050B0000199009A002001F8010B084691420190E5
:1050C000F6D1FFE702980021C1640165406840F213
:1050D000DC61C2F20001884251D1FFE740F2B450D6
:1050E000C2F200000078092848DCFFE700208DF8B4
:1050F0001700FFE79DF8170040F2B451C2F200011B
:10510000097888421FDCFFE79DF8171040F26450D1
:10511000C2F2000050F82100806B069988420AD044
:10512000FFE79DF8171040F26450C2F2000050F8FB
:10513000210008B9FFE706E0FFE79DF817000130FE
:105140008DF81700D6E79DF8170040F2B451C2F26F
:1051500000010978884210D1FFE7029840F2B4516B
:10516000C2F200010B7840F26452C2F2000242F82F
:105170002300087801300870FFE7FFE759E007983F
:1051800040F20471C2F20001884251D1FFE740F2BF
:10519000B550C2F200000078092848DCFFE7002083
:1051A0008DF81600FFE79DF8160040F2B551C2F2E7
:1051B0000001097888421FDCFFE79DF8161040F2D5
:1051C0008C50C2F2000050F82100806B0699884292
:1051D0000AD0FFE79DF8161040F28C50C2F2000092
:1051E00050F8210008B9FFE706E0FFE79DF8160038
:1051F00001308DF81600D6E79DF8160040F2B55143
:10520000C2F200010978884210D1FFE7029840F20B
:10521000B551C2F200010B7840F28C52C2F200028A
:1052200042F82300087801300870FFE7FFE7FFE746
:10523000FFE709980AB0704784B0029001918DF899
:105240000320019800684078C00750B1FFE701983B
:1052500000680078C00720B1FFE7019900200871BD
:10526000FFE701980068407800F001008DF8020027
:1052700001980068007800F001008DF801000198A5
:1052800000684078C00748B3FFE7019800680078DD
:10529000C00718BBFFE701980079C007F0B9FFE726
:1052A0000199012008719DF8030098B1FFE7019969
:1052B0004879431C9DF80300421CB3FBF2F000FB4D
:1052C0001230487101984079002818BF01208DF8EC
:1052D0000F0013E001208DF80F000FE09DF8030090
:1052E00040B1FFE701984079002818BF01208DF8F0
:1052F0000F0003E000208DF80F00FFE79DF80F007E
:1053000004B0704784B00290019100920198006847
:105310004078C00790B1FFE70199486802304860C3
:10532000019840680099884207D9FFE700980199E1
:10533000486001208DF80F0019E014E00198006822
:105340004078C00770B9FFE70199486802384860A3
:1053500001984068012804D8FFE7019902204860BD
:10536000FFE7FFE7FFE700208DF80F00FFE79DF85C
:105370000F0004B07047000082B0019000910198C6
:10538000002101714171009A0260C1608160416138
:105390000161C161816141620162C16281624163F7
:1053A0000163016816318160016812310161016891
:1053B0001E31816101681C31016201682231816204
:1053C00001682231016302B07047000080B582B0ED
:1053D0008DED010A9DED010A03F098F802B080BD41
:1053E00080B582B08DED010A9DED010A03F036F91A
:1053F00002B080BD81B08DF803009DF90300002844
:105400000ED4FFE79DF9031001F01F020120904028
:105410004A094EF20011CEF2000141F82200FFE7E6
:1054200001B070474EF60C50CEF200000068C0F399
:105430000220704782B08DF8070000919DF90700A7
:1054400000280AD4FFE7009800019DF907104EF2EA
:105450000042CEF2000288540BE0009800019DF853
:10546000071001F00F014EF61452CEF200028854DC
:10547000FFE702B07047000082B08DF8070000918E
:105480009DF9070000280AD4FFE7009800019DF964
:1054900007104EF20042CEF2000288540BE0009852
:1054A00000019DF8071001F00F014EF61452CEF2E4
:1054B00000028854FFE702B07047000083B00290FA
:1054C000029800F0070000904EF60C51CEF2000159
:1054D0000868019001984FF6FF0210400190019872
:1054E000009A40EA02200022C0F2FA5210430190D2
:1054F0000198086003B0704780B582B040F2B800F0
:10550000C2F200000190FFE701980090FFF70CFD48
:10551000009800F17001084640F2B802C2F20002A1
:1055200002F58C6291420190EED1FFE702B080BD9E
:1055300080B545F22C30C2F2000040F27471C2F224
:105540000001FFF751F880BD80B540F27800C2F24B
:10555000000045F22C31C2F20001FFF70DFF80BDC3
:1055600080B540F2C850C2F2000040F60401C2F219
:105570000001FFF7C7FB80BD80B540F22860C2F292
:105580000000FFF7C7FC80BD80B540F69400C2F272
:10559000000040F2DC61C2F200010222FFF76CFA67
:1055A00080BD000080B540F6A460C2F2000040F269
:1055B000DC61C2F200010322FFF75EFA80BD000049
:1055C00080B540F23860C2F2000040F2DC61C2F205
:1055D00000010122FFF750FA80BD000080B586B0BF
:1055E000FFF732FD40F23860C2F200009FED250A5D
:1055F0008DED000AF7EE000ACDED010A9FED221AAB
:105600008DED021AF3EE0E1ACDED031A9FED1F2A4F
:105610008DED042ADFED1E2ACDED052AFFF70EFAE7
:105620009DED000ADDED010A9DED021ADDED031A84
:105630009DED042ADDED052A40F6A460C2F20000CB
:10564000FFF7FCF99DED000ADDED010A9DED021A60
:10565000DDED031A9DED042ADDED052A40F69400E8
:10566000C2F20000FFF7EAF945F22C30C2F2000066
:10567000FEF7D6FC40F2C850C2F20000FEF7D0FCA4
:1056800006B080BD666691416666663F0080D44480
:105690000000804680B582B000200190FCF7B2F98E
:1056A000FEF7F2F8FDF7A8FEFDF730FEFDF756FE17
:1056B000FDF74CFFFDF76CFFFDF728FFFDF706FF38
:1056C00000F020F8FDF772FE00F040F8FFE7FEE77B
:1056D00080B584B00290EFF305800390039820B169
:1056E000FFE76FF00500019009E0002001900298AB
:1056F00020B1FFE7029801F0C1FBFFE7FFE7019847
:1057000004B080BD82B0EFF305800190019820B114
:10571000FFE76FF00500009014E040F2B400C2F221
:105720000000006848B9FFE740F2B401C2F200018E
:10573000012008600020009003E04FF0FF3000904F
:10574000FFE7FFE7009802B07047000080B582B025
:10575000EFF305800190019820B1FFE76FF005009D
:10576000009019E040F2B400C2F200000068012885
:105770000DD1FFE7FDF7B6FF40F2B401C2F2000120
:105780000220086001F018FC0020009003E04FF0B8
:10579000FF300090FFE7FFE7009802B080BD0000F7
:1057A000B0B58EB00B900A91099200200690EFF3ED
:1057B00005800D900D98002840F09980FFE70B9828
:1057C000002800F09480FFE78020079018200590C3
:1057D000002008904FF0FF300490099800284DD029
:1057E000FFE70998006820B1FFE709980068089072
:1057F000FFE70998806920B1FFE709988069059063
:10580000FFE7059848B1FFE70598382805D8FFE776
:1058100009980079C00718B1FFE700200C9069E0F3
:105820000998406928B1FFE7099840698008079006
:10583000FFE70998806880B1FFE70998C0685C2895
:105840000BD3FFE70998006938B1FFE70998406971
:1058500018B1FFE7012004900FE00998806858B95B
:10586000FFE70998C06838B9FFE70998006918B9D7
:10587000FFE700200490FFE7FFE702E0002004902C
:10588000FFE70498012817D1FFE70B980899079ABA
:105890000A9BDDF814C0DDF824E0DEF80850DEF8DD
:1058A0001040EE46CEF80850CEF80440CEF800C0C6
:1058B00002F06EF9069019E00498B0B9FFE70B9872
:1058C0000899BDF81C200A9BDDF814C0EE4606AC12
:1058D000CEF80440CEF800C002F00AF9012803D047
:1058E000FFE700200690FFE7FFE7FFE7FFE70698E6
:1058F0000C90FFE70C980EB0B0BD000080B584B0EE
:105900000390029145F21C30C2F200000068009042
:1059100040F62C20C2F200000068043001F066F866
:1059200008B9FFE700E0FFE70398013080B9FFE71F
:10593000029868B1FFE740F62C20C2F20000006830
:10594000011D45F2F420C2F2000001F0F5F83DE03F
:105950000098039908440190019840F62C21C2F266
:105960000001096848600198009988420ED2FFE75B
:1059700040F63C20C2F20000006840F62C21C2F242
:1059800000010968043101F0A1F81EE040F634205E
:10599000C2F20000006840F62C21C2F20001096842
:1059A000043101F093F8019845F28021C2F2000120
:1059B0000968884207D2FFE7019845F28021C2F2C8
:1059C0000001086000E0FFE7FFE7FFE704B080BDEB
:1059D00080B582B0019001F0D7F844F65431C2F29C
:1059E000000108680130086040F62C20C2F2000077
:1059F000006898B9FFE7019840F62C21C2F2000137
:105A0000086044F65430C2F200000068012803D157
:105A1000FFE700F0F7FA00E0FFE71CE045F2E820BE
:105A2000C2F200000068A0B9FFE740F62C20C2F2E5
:105A300000000068C06A0199C96A884207D8FFE778
:105A4000019840F62C21C2F20001086000E0FFE757
:105A500000E0FFE7FFE744F66030C2F200000168B3
:105A6000013101600068019948640198C06A44F6F8
:105A70006431C2F200010968884208D9FFE7019841
:105A8000C06A44F66431C2F200010860FFE7019980
:105A9000C86A00EB800240F64420C2F2000000EB2E
:105AA0008200043101F048F801F09AF845F2E8204C
:105AB000C2F200000068C8B1FFE740F62C20C2F235
:105AC00000000068C06A0199C96A88420CD2FFE7E9
:105AD0004EF60451CEF200014FF080500860BFF343
:105AE0004F8FBFF36F8F00E0FFE700E0FFE702B0EA
:105AF00080BD000080B584B001F046F845F220304A
:105B0000C2F200000068002840D1FFE745F22020E3
:105B1000C2F20000029000F0B9FF45F23420C2F258
:105B20000000039000F0B2FF0299039840F6302283
:105B3000C2F20002116040F64021C2F2000108608A
:105B400069460020086040F63812C2F2000240F6B2
:105B5000D813C2F200030A20102101F0D3FB014642
:105B600045F22030C2F200000160006860B1FFE73A
:105B700045F22030C2F20000006849F2E101C0F6AF
:105B8000000101F01FF900E0FFE700E0FFE701F08E
:105B900027F804B080BD000080B582B0FFE744F66E
:105BA0005830C2F20000006808B3FFE700F0ECFFD5
:105BB00045F20830C2F20000C068C0680190019848
:105BC000043000F013FF44F65431C2F200010868BB
:105BD0000138086044F65831C2F200010868013803
:105BE000086000F0FDFF019800F08CF8D7E702B0E4
:105BF00080BD000080B582B0019000910198006CDA
:105C0000B8B1FFE70199C8680A6C1044C8600198F0
:105C10008168C068884204D3FFE701990868C860BA
:105C200000E0FFE70098019AD168126CFAF7ACFB2C
:105C3000FFE702B080BD000080B586B005900491FA
:105C40000392002002900598806B01900598006CEB
:105C500078B9FFE70598006848B9FFE705988068BC
:105C600002F006F9029005990020886000E0FFE745
:105C700041E00398B8B9FFE7059A04995068126C9F
:105C8000FAF782FB059948680A6C10444860059948
:105C900048688968884204D3FFE705990868486026
:105CA00000E0FFE726E0059A0499D068126CFAF745
:105CB0006BFB0599C8680A6C801AC8600598016872
:105CC000C068884206D2FFE7059988680A6C801A86
:105CD000C86000E0FFE70398022809D1FFE70198B8
:105CE00020B1FFE701980138019000E0FFE700E0F4
:105CF000FFE7FFE7FFE70198013005998863029805
:105D000006B080BD80B582B00090009890F8590030
:105D100040B9FFE70098006B00F088FF009800F0A2
:105D200085FF1CE0009890F85900012804D1FFE796
:105D3000009800F07BFF11E0009890F859000228CD
:105D40000BD0FFE74FF0500080F31188BFF36F8F47
:105D5000BFF34F8F0190FFE7FEE7FFE7FFE702B0D9
:105D600080BD000082B0019040F63020C2F20000F9
:105D700000680068B0FA80F0400901990860019855
:105D8000006848B9FFE740F63020C2F20000006822
:105D9000C0680068009002E000200090FFE70098D3
:105DA00002B0704784B04FF47050009040F64870D5
:105DB000C2F2000001909DF80400400788B1FFE79F
:105DC000019807300190019820F007000190019A96
:105DD00040F64871C2F200010098891A0844009008
:105DE000FFE701980290029945F2EC20C2F2000010
:105DF0000160002141600298009A104401900198CE
:105E000008380190019820F007000190019A40F6AF
:105E10003820C2F20000026002685160026811601E
:105E2000029903910199039A891A516000680399B4
:105E300008600398406845F27C21C2F200010860C6
:105E40000398406845F27421C2F20001086045F2EF
:105E50004821C2F200014FF00040086004B07047D2
:105E600080B582B00190FFE7FFF796FE40F6442030
:105E7000C2F20000006802280CD3FFE74EF604517E
:105E8000CEF200014FF080500860BFF34F8FBFF398
:105E90006F8F00E0FFE7E7E780B584B0DDF818C05A
:105EA0000390029101928DF80330029818B9FFE730
:105EB0000698006003E0019806990860FFE70398E0
:105EC0000699C8630298069908640698012101F0B2
:105ED000A1FA9DF80300069981F84C0004B080BD3A
:105EE00080B588B0DDF834C0DDF830C0DDF82CC0F6
:105EF000DDF828C006900591049203930C98006B7E
:105F000004998900A522FAF784FA0C98006B049989
:105F100000EB810004380290029820F00700029004
:105F20009DF80800400758B1FFE74FF0500080F39C
:105F30001188BFF36F8FBFF34F8F0790FFE7FEE726
:105F40000598F8B1FFE700200190FFE701980F28BE
:105F500013D8FFE70598019A805C0C99114481F8E9
:105F6000340005980199405C08B9FFE705E0FFE7B8
:105F7000FFE7019801300190E8E70C99002081F8D3
:105F8000430004E00C99002081F83400FFE70A98F0
:105F9000382803D3FFE737200A9000E0FFE70A988C
:105FA0000C99C8620A980C99C8640C99002000905A
:105FB00008650C98043000F081FD0C98183000F052
:105FC0007DFD00980C9909610A99C1F138010C9A7C
:105FD00091610C9949620C9948650C9981F85800B7
:105FE00002980699039A00F0D1FC0C9908600B986E
:105FF00020B1FFE70C980B99086000E0FFE708B0BC
:1060000080BD000080B584B000200390FFE70398B6
:10601000372810D8FFE7039800EB800140F64420B2
:10602000C2F2000000EB810000F030FDFFE70398B2
:1060300001300390EBE745F24C20C2F200000190E2
:1060400000F024FD45F26020C2F20000029000F052
:106050001DFD45F29420C2F2000000F017FD45F24C
:106060000830C2F2000000F011FD45F2F420C2F247
:10607000000000F00BFD0199029840F63422C2F2B4
:106080000002116040F63C21C2F20001086004B039
:1060900080BD000083B0029045F2EC20C2F2000007
:1060A0000190FFE7019800680299884205D2FFE756
:1060B000FFE7019800680190F4E7019800900098CC
:1060C0000199496808440299884209D1FFE702987A
:1060D000426801994868104448600198029000E0C5
:1060E000FFE70298009000980299496808440199D6
:1060F0000968884220D1FFE70198006840F63821FE
:10610000C2F20001096888420DD0FFE701980068DB
:106110004268029948681044486001980068006825
:106120000299086007E040F63820C2F200000068DB
:1061300002990860FFE704E001980068029908608E
:10614000FFE701980299884204D0FFE7029801997D
:10615000086000E0FFE703B07047000080B586B03C
:1061600005900491039202930020019004980599F0
:1061700048600598006104980399884216D8FFE7A3
:1061800003980299401A05998969884203D3FFE769
:106190000120019009E040F64020C2F200000068B2
:1061A0000599043100F092FCFFE717E0039802998B
:1061B000884208D2FFE704980299884203D3FFE798
:1061C0000120019009E040F63020C2F20000006892
:1061D0000599043100F07AFCFFE7FFE7019806B06B
:1061E00080BD000080B582B0019000F0CDFC019828
:1061F000806B18B9FFE70120009002E000200090BA
:10620000FFE700F0EDFC009802B080BD80B582B0E1
:10621000019000F0B9FC0198806B0199C96B88422C
:1062200003D1FFE70120009002E000200090FFE78B
:1062300000F0D6FC009802B080BD0000084800685D
:10624000006880F308884FF0000080F3148862B67D
:1062500061B6BFF34F8FBFF36F8F00DF00BF000049
:1062600008ED00E080B586B00490039140F6302040
:10627000C2F200000068C068C06801900198043054
:1062800000F0B4FB019890F828004007002823D5BF
:10629000FFE70198049B81691944039AFFF75EFFA9
:1062A000C0B1FFE70198049A694600230B601946C4
:1062B00001F0CAFF0290029858B9FFE74FF0500072
:1062C00080F31188BFF36F8FBFF34F8F0590FFE707
:1062D000FEE700E0FFE707E0019991F8280000F0F1
:1062E000FE0081F82800FFE70198016A884706B0A0
:1062F00080BD000080B58EB0FFE745F22030C2F2CD
:106300000000006807A9002201F09EFA002800F0B2
:10631000B880FFE70798B0F1FF3F17DCFFE707A859
:1063200004300290029858B9FFE74FF0500080F314
:106330001188BFF36F8FBFF34F8F0D90FFE7FEE71C
:1063400002990A6848688968904700E0FFE7079863
:10635000002800F19580FFE70998069006984069AB
:1063600028B1FFE70698043000F040FB00E0FFE7AB
:1063700005A800F0FBF8039007980190092800F2A7
:106380007D800199DFE801F00505053D45660505BD
:106390003D45069991F8280040F0010081F8280059
:1063A0000698089B81691944039AFFF7D7FE30B31A
:1063B000FFE70698016A8847069890F8280040078A
:1063C00000281AD5FFE70698089982690A446946A9
:1063D00000230B60194601F037FF0490049858B968
:1063E000FFE74FF0500080F31188BFF36F8FBFF3CA
:1063F0004F8F0C90FFE7FEE700E0FFE700E0FFE7CC
:106400003DE0069991F8280000F0FE0081F8280090
:1064100035E0069991F8280040F0010081F8280045
:106420000898069988610698806958B9FFE74FF087
:10643000500080F31188BFF36F8FBFF34F8F0B9025
:10644000FFE7FEE70698039B816919441A46FFF7A8
:1064500085FE14E0069890F828008007002804D4F0
:10646000FFE7069800F0E2FB07E0069991F82800A4
:1064700000F0FE0081F82800FFE700E0FFE7FFE7FB
:106480003BE70EB080BD000080B584B00390029160
:1064900000F002FE684600F069F801900098D8BB51
:1064A000FFE7029860B9FFE703980199884207D88F
:1064B000FFE701F0BBFD03980199FFF7D3FE2AE047
:1064C000029858B1FFE740F64020C2F20000006891
:1064D0000068B0FA80F040090290FFE745F22030F2
:1064E000C2F2000000680399019A891A029A00F02A
:1064F00093FC01F09BFD60B9FFE74EF60451CEF22C
:1065000000014FF080500860BFF34F8FBFF36F8FD3
:1065100000E0FFE7FFE702E001F088FDFFE704B0DD
:1065200080BD000081B040F63420C2F20000006857
:10653000006840B9FFE745F28021C2F200014FF048
:10654000FF3008600FE040F63420C2F2000000681F
:10655000C068C06800900098406845F28021C2F28F
:1065600000010860FFE701B07047000080B582B00D
:10657000019001F091FB0090009840F62821C2F2B2
:1065800000010968884206D2FFE700F011F801997E
:106590000120086003E0019900200860FFE70098EF
:1065A00040F62821C2F200010860009802B080BDC8
:1065B00080B588B0FFE740F63020C2F200000068E6
:1065C000006800284ED0FFE740F63020C2F20000FD
:1065D0000168C968096806910068C068C0680390CE
:1065E0000398043000F002FA0398016A8847039880
:1065F00090F828004007002832D5FFE70698039955
:106600008969084405900598069988420FD9FFE7E3
:106610000598039948600398006140F63020C2F263
:10662000000000680399043100F050FA17E0039865
:10663000069A694600230B60194601F005FE029098
:10664000029858B9FFE74FF0500080F31188BFF36C
:106650006F8FBFF34F8F0790FFE7FEE7FFE700E084
:10666000FFE7A8E740F63022C2F20002106804906B
:1066700040F64021C2F200010868106004980860EA
:1066800008B080BD83B00020009040F21000C2F23C
:1066900000000068013058B1FFE74FF0500080F370
:1066A0001188BFF36F8FBFF34F8F0290FFE7FEE7B4
:1066B0004FF0500080F31188BFF36F8FBFF34F8FFF
:1066C0000190FFE7009808B9FFE7FBE703B07047C8
:1066D00080B584B00390FFE701A8FFF743FB029069
:1066E00002980199FFF7D0FEFFF704FEF4E70000DF
:1066F00080B582B0019000F047FA019890F845000B
:106700008DF80300FFE79DF90300012816DBFFE782
:106710000198406A58B1FFE70198243001F01EFC4F
:1067200018B1FFE700F0F4FB00E0FFE700E005E050
:106730009DF8030001388DF80300E4E70199FF207C
:1067400081F8450000F04CFA00F01EFA019890F82C
:1067500044008DF80200FFE79DF90200012816DBD6
:10676000FFE70198006980B1FFE70198103001F060
:10677000F5FB18B1FFE700F0CBFB00E0FFE79DF869
:10678000020001388DF8020000E000E0E4E7019922
:10679000FF2081F8440000F023FA02B080BD000021
:1067A00080B58AB006900020029000F075FC40F69B
:1067B0003820C2F20000006818B9FFE7FFF7F2FACC
:1067C00000E0FFE7069845F24821C2F2000109689F
:1067D000084240F0C580FFE7069800B3FFE706983F
:1067E000083006909DF818004007B0B1FFE7069802
:1067F00020F00700083006909DF81800400758B1B7
:10680000FFE74FF0500080F31188BFF36F8FBFF3A5
:106810004F8F0990FFE7FEE700E0FFE700E0FFE7AA
:106820000698002800F09A80FFE7069845F2742148
:10683000C2F200010968884200F29080FFE745F249
:10684000EC20C2F20000049000680590FFE7059874
:106850004168069A00209142019007D2FFE705980F
:106860000068002818BF01200190FFE70198C007C9
:1068700030B1FFE705980490059800680590E6E7B9
:10688000059840F63821C2F200010968884263D0B9
:10689000FFE70498006808300290059800680499A2
:1068A0000860059840680699401A112821D3FFE72F
:1068B00005980699084403909DF80C00400758B1CC
:1068C000FFE74FF0500080F31188BFF36F8FBFF3E5
:1068D0004F8F0890FFE7FEE7059840680699401A39
:1068E000039948600698059948600398FFF7D2FB22
:1068F00000E0FFE70598426845F27420C2F200000C
:106900000168891A0160006845F27C21C2F2000129
:10691000096888420BD2FFE745F27420C2F20000FA
:10692000006845F27C21C2F20001086000E0FFE748
:1069300045F24820C2F200000268059948681043F9
:10694000486005990020086045F28821C2F20001E4
:1069500008680130086000E0FFE700E0FFE700E0C2
:10696000FFE701F063FB9DF80800400758B1FFE71F
:106970004FF0500080F31188BFF36F8FBFF34F8F3C
:106980000790FFE7FEE702980AB080BD83B002904F
:106990000191009202980438029002994FF08070A1
:1069A0000860029804380290019820F001000299D2
:1069B0000860029804380290029946F28560C0F699
:1069C000000008600298143802900098029908604C
:1069D00002980438029002996FF002000860029851
:1069E00020380290029803B07047000082B00190F6
:1069F0000198006900900198416880688860019959
:106A0000486889684860009840680199884205D1C3
:106A1000FFE7019880680099486000E0FFE701996E
:106A20000020086100990868013808600098006833
:106A300002B0704783B0029001910092029944F62F
:106A40006850C2F200000860019944F66830C2F252
:106A50000000086000998020086003B070470000C3
:106A600083B0029001910092029945F2C410C2F2E3
:106A700000000860019944F6C450C2F200000860AA
:106A800000994FF48070086003B0704781B00090A7
:106A9000009901F10800486000994FF0FF308860CC
:106AA000009901F10800C860009901F1080008612F
:106AB00000990020086001B07047000081B000908C
:106AC00000990020086101B07047000084B0039075
:106AD00002910298006800900098013020B9FFE709
:106AE00003980069019010E0039808300190FFE7D7
:106AF0000198406800680099884205D8FFE7FFE7E1
:106B0000019840680190F3E7FFE701984068029917
:106B100048600298416888600198029988600298EC
:106B20000199486003980299086103990868013047
:106B3000086004B07047000083B002900191029891
:106B40004068009000980199486000988068019919
:106B50008860019800998968486001980099886068
:106B6000029801990861029908680130086003B031
:106B700070470000DFF80C00016841F4700101600B
:106B80007047000088ED00E082B04FF0500080F3C5
:106B90001188BFF36F8FBFF34F8F019040F2100049
:106BA000C2F200000168013101600068012814D1BF
:106BB000FFE74EF60450CEF200000068000658B120
:106BC000FFE74FF0500080F31188BFF36F8FBFF3E2
:106BD0004F8F0090FFE7FEE7FFE702B0704700002D
:106BE00082B040F21000C2F20000006858B9FFE71E
:106BF0004FF0500080F31188BFF36F8FBFF34F8FBA
:106C00000090FFE7FEE740F21000C2F200000168CA
:106C100001390160006830B9FFE700200190019858
:106C200080F31188FFE702B07047000080B586B09E
:106C3000039003980290039800285CD0FFE7029825
:106C400008380290029801900198406845F2482166
:106C5000C2F20001096808420BD1FFE74FF0500073
:106C600080F31188BFF36F8FBFF34F8F0590FFE75D
:106C7000FEE70198006858B1FFE74FF0500080F33D
:106C80001188BFF36F8FBFF34F8F0490FFE7FEE7CC
:106C90000198406845F24821C2F2000109680842A3
:106CA00027D0FFE70198006808BBFFE745F24820BE
:106CB000C2F200000268019948689043486000F001
:106CC000EBF90198426845F27421C2F200010868AC
:106CD000104408600198FFF7DDF945F28C21C2F2FB
:106CE000000108680130086001F0A0F900E0FFE74A
:106CF00000E0FFE7FFE706B080BD00004EF21001A4
:106D0000CEF20001002008604EF21802CEF200021E
:106D1000106040F20400C2F20000006844F6D35252
:106D2000C1F26202A0FB02024FF0FF3000EB9210B2
:106D30004EF21402CEF20002106007200860704785
:106D400084B0EFF305800190019810281ED3FFE76F
:106D500001984EF2F031CEF20001405C8DF8030054
:106D60009DF8030044F64831C2F2000109788842D8
:106D70000BDAFFE74FF0500080F31188BFF36F8FFD
:106D8000BFF34F8F0390FFE7FEE7FFE74EF60C508F
:106D9000CEF20000006800F4E06044F64C31C2F22C
:106DA0000001096888420BD9FFE74FF0500080F3DB
:106DB0001188BFF36F8FBFF34F8F0290FFE7FEE79D
:106DC00004B0704783B00290019100200090FFE76B
:106DD000009807281DD8FFE7009945F2A820C2F2C5
:106DE000000050F8310070B9FFE70198009A45F2B1
:106DF000A821C2F2000141F832000298009A01EB8A
:106E0000C201486005E0FFE7FFE70098013000900D
:106E1000DEE703B07047000080B584B003900291B4
:106E2000019203980090FFF7AFFE009890F944009C
:106E3000013028B9FFE70099002081F84400FFE7FE
:106E4000009890F94500013028B9FFE7009900202B
:106E500081F84500FFE7FFF7C3FE0098806B38B963
:106E6000FFE7009824300299019A00F07BF800E0D7
:106E7000FFE70098FFF73CFC04B080BD80B584B00C
:106E80000290002001900298E0B1FFE744F65C30E8
:106E9000C2F20000006858B1FFE74FF0500080F3E5
:106EA0001188BFF36F8FBFF34F8F0390FFE7FEE7AB
:106EB00000F0F2F802980021FEF720FD01F0B6F88C
:106EC000019000E0FFE7019860B9FFE74EF604513A
:106ED000CEF200014FF080500860BFF34F8FBFF338
:106EE0006F8F00E0FFE704B080BD000081B000902C
:106EF00045F28420C2F2000000680099086045F263
:106F00001C30C2F2000000680099486001B0704770
:106F100045F22831C2F200010120086070470000EC
:106F200080B584B002900191029858B9FFE74FF004
:106F3000500080F31188BFF36F8FBFF34F8F039022
:106F4000FFE7FEE7029840F62C21C2F20001096833
:106F50001831FFF7BBFD01980121FEF7CFFC04B00B
:106F600080BD000080B584B002900191009202982B
:106F700058B9FFE74FF0500080F31188BFF36F8FCF
:106F8000BFF34F8F0390FFE7FEE7029840F62C21F6
:106F9000C2F2000109681831FFF7CEFD009820B158
:106FA000FFE74FF0FF300190FFE701980099FEF7EF
:106FB000A5FC04B080BD000080B58AB0002003901D
:106FC0000690059006A805A904AAFFF733FD039BC8
:106FD000049A0599DDF818C06846C0F808C04160F9
:106FE000036045F66160C0F6000049F2DC01C0F6BE
:106FF000000100F0CDFD014645F27820C2F200000C
:107000000160006818B1FFE70120079002E000204E
:107010000790FFE70798012804D1FFE701F0CAF8BD
:10702000079000E0FFE70798012823D1FFE74FF022
:10703000500080F31188BFF36F8FBFF34F8F09901B
:1070400045F28021C2F200014FF0FF30086045F2A6
:10705000E821C2F200010120086045F21C31C2F2B1
:1070600000010020086000F083F808B1FFE700E0AD
:10707000FFE70FE00798013058B9FFE74FF05000E5
:1070800080F31188BFF36F8FBFF34F8F0890FFE736
:10709000FEE7FFE70AB080BD44F65C31C2F20001B2
:1070A000086801300860704783B044F65C30C2F273
:1070B0000000006838B1FFE745F22831C2F2000154
:1070C0000120086051E045F22831C2F200010020A1
:1070D000086044F66430C2F2000000680190FFE7E7
:1070E000019800EB800140F64420C2F2000050F805
:1070F000210090B9FFE7019858B9FFE74FF0500021
:1071000080F31188BFF36F8FBFF34F8F0290FFE7BB
:10711000FEE7019801380190E2E7019800EB800159
:1071200040F64420C2F2000000EB8100009000997C
:10713000486840684860009948680831884205D12D
:10714000FFE70099486840684860FFE7009840689A
:10715000C06840F62C21C2F200010860019844F694
:107160006431C2F200010860FFE703B0704700001D
:1071700080B588B04EF60050CEF2000000684CF2A8
:107180007121C4F20F1188420BD1FFE74FF050007C
:1071900080F31188BFF36F8FBFF34F8F0790FFE726
:1071A000FEE74EF60050CEF2000000684CF270216F
:1071B000C4F20F1188420BD1FFE74FF0500080F36B
:1071C0001188BFF36F8FBFF34F8F0690FFE7FEE785
:1071D0004EF20040CEF20000039001780491FF21AE
:1071E000017000788DF80B009DF80B0000F0500046
:1071F00044F64831C2F20001087044F64C31C2F244
:10720000000107200860FFE79DF80B00000600283A
:107210000DD5FFE744F64C31C2F200010868013891
:1072200008609DF80B0040008DF80B00ECE744F679
:107230004C30C2F20000006803280BD0FFE74FF08B
:10724000500080F31188BFF36F8FBFF34F8F05900D
:10725000FFE7FEE744F64C31C2F200010868000285
:107260000860086800F4E060086004984EF200418D
:10727000CEF2000108704EF62051CEF200010868EF
:1072800040F470000860086840F070400860FFF744
:1072900035FD40F21001C2F20001002001900860AB
:1072A000FFF768FC4EF63471CEF20001086840F03A
:1072B00040400860FEF7C2FFFFF7F6FEFFF7E2F975
:1072C000019808B080BD000080B582B04FF050003A
:1072D00080F31188BFF36F8FBFF34F8F009000F0E2
:1072E000E5FC40B1FFE74EF60451CEF200014FF04D
:1072F00080500860FFE700200190019880F311881A
:1073000002B080BD80B590B084461298CDF828C0F8
:107310000991089207938DF81B000A9858B9FFE766
:107320004FF0500080F31188BFF36F8FBFF34F8F82
:107330000F90FFE7FEE7079858B9FFE74FF05000BE
:1073400080F31188BFF36F8FBFF34F8F0E90FFE76D
:10735000FEE708990020039031B1FFE70998B0FAE1
:1073600080F040090390FFE70398C00758B1FFE79A
:107370004FF0500080F31188BFF36F8FBFF34F8F32
:107380000D90FFE7FEE708990020029031B9FFE772
:107390000998002818BF01200290FFE70298C00753
:1073A00058B1FFE74FF0500080F31188BFF36F8FA3
:1073B000BFF34F8F0C90FFE7FEE750200490049836
:1073C00050280BD0FFE74FF0500080F31188BFF337
:1073D0006F8FBFF34F8F0B90FFE7FEE7049807987E
:1073E0000590059888B1FFE70599012081F84600CE
:1073F0000A980999089A9DF81B30DDF814C0EE46EA
:10740000CEF800C0FEF748FD00E0FFE7059810B099
:1074100080BD000080B584B0029001910298009078
:10742000009858B9FFE74FF0500080F31188BFF380
:107430006F8FBFF34F8F0390FFE7FEE7FFF7A4FBCB
:1074400000990B68C86B0A6C00FB023088600099D9
:107450000020886300990868486000990B68C86B31
:107460000A6C013800FB0230C8600099FF2081F8E7
:107470004400009981F845000198D0B9FFE70098D1
:107480000069A0B1FFE70098103000F067FD60B11F
:10749000FFE74EF60451CEF200014FF08050086035
:1074A000BFF34F8FBFF36F8F00E0FFE700E0FFE710
:1074B00008E000981030FFF7E9FA00982430FFF751
:1074C000E5FAFFE7FFF78CFB012004B080BD000068
:1074D00080B592B00C900B910A920993002008900D
:1074E0000C980490049858B9FFE74FF0500080F3CF
:1074F0001188BFF36F8FBFF34F8F1190FFE7FEE747
:107500000B990020039039B9FFE70498006C00281C
:1075100018BF01200390FFE70398C00758B1FFE7A9
:107520004FF0500080F31188BFF36F8FBFF34F8F80
:107530001090FFE7FEE7099900200229029007D189
:10754000FFE70498C06B013818BF01200290FFE7E5
:107550000298C00758B1FFE74FF0500080F3118840
:10756000BFF36F8FBFF34F8F0F90FFE7FEE700F081
:1075700077FB01460020019031B9FFE70A98002807
:1075800018BF01200190FFE70198C00758B1FFE73D
:107590004FF0500080F31188BFF36F8FBFF34F8F10
:1075A0000E90FFE7FEE7FFE7FFF7EEFA0498806B27
:1075B0000499C96B884204D3FFE70998022834D1A3
:1075C000FFE704980B99099AFEF736FB0790049899
:1075D000406AA0B1FFE70498243000F0BFFC60B11E
:1075E000FFE74EF60451CEF200014FF080500860E4
:1075F000BFF34F8FBFF36F8F00E0FFE710E00798F6
:1076000060B1FFE74EF60451CEF200014FF080501A
:107610000860BFF34F8FBFF36F8F00E0FFE7FFE716
:10762000FFF7DEFA01200D9065E00A9828B9FFE720
:10763000FFF7D6FA00200D905DE0089830B9FFE71B
:1076400005A8FFF753FC0120089000E0FFE7FFE7E3
:10765000FFE7FFF7C5FAFFF71FFDFFF795FA04985C
:1076600090F94400013028B9FFE70499002081F81F
:107670004400FFE7049890F94500013028B9FFE77E
:107680000499002081F84500FFE7FFF7A9FA05A853
:107690000AA900F0C7F928BBFFE70498FEF7B6FD7A
:1076A000C8B1FFE7049810300A99FFF739FC049835
:1076B000FFF71EF800F0BAFC60B9FFE74EF6045180
:1076C000CEF200014FF080500860BFF34F8FBFF340
:1076D0006F8FFFE705E00498FFF70AF800F0A6FCBB
:1076E000FFE707E00498FFF703F800F09FFC002095
:1076F0000D9000E058E70D9812B080BD80B592B0B3
:107700000B900A91099208930B980590059858B927
:10771000FFE74FF0500080F31188BFF36F8FBFF386
:107720004F8F0E90FFE7FEE70A990020029039B9CB
:10773000FFE70598006C002818BF01200290FFE7C2
:107740000298C00758B1FFE74FF0500080F311884E
:10775000BFF36F8FBFF34F8F0D90FFE7FEE70899E0
:1077600000200229019007D1FFE70598C06B01387E
:1077700018BF01200190FFE70198C00758B1FFE74B
:107780004FF0500080F31188BFF36F8FBFF34F8F1E
:107790000C90FFE7FEE7FFF7D3FAEFF311814FF00C
:1077A000500080F31188BFF36F8FBFF34F8F10919C
:1077B0000F90109806900598806B0599C96B8842C8
:1077C00004D3FFE70898022833D1FFE7059890F823
:1077D00045008DF813000598806B039005980A9971
:1077E000089AFEF729FA9DF913000130B8B9FFE7AE
:1077F0000598406A88B1FFE70598243000F0AEFB99
:1078000048B1FFE7099820B1FFE709990120086016
:1078100000E0FFE700E0FFE700E0FFE706E09DF89B
:1078200013000130059981F84500FFE7012007901A
:1078300002E000200790FFE706981190119880F36E
:107840001188079812B080BD80B58EB0099008915C
:1078500007920020069009980390039858B9FFE713
:107860004FF0500080F31188BFF36F8FBFF34F8F3D
:107870000D90FFE7FEE708990020019039B9FFE776
:107880000398006C002818BF01200190FFE70198C1
:10789000C00758B1FFE74FF0500080F31188BFF3E5
:1078A0006F8FBFF34F8F0C90FFE7FEE700F0D8F922
:1078B00001460020009031B9FFE70798002818BF63
:1078C00001200090FFE70098C00758B1FFE74FF094
:1078D000500080F31188BFF36F8FBFF34F8F0B9071
:1078E000FFE7FEE7FFE7FFF74FF90398806B029091
:1078F000029830B3FFE703980899FEF77BF90298E6
:1079000001380399886303980069A0B1FFE70398E1
:10791000103000F023FB60B1FFE74EF60451CEF2C9
:1079200000014FF080500860BFF34F8FBFF36F8F9F
:1079300000E0FFE700E0FFE7FFF752F901200A90BF
:107940006DE0079828B9FFE7FFF74AF900200A9091
:1079500065E0069830B9FFE704A8FFF7C7FA0120F1
:10796000069000E0FFE7FFE7FFE7FFF739F9FFF7D1
:1079700093FBFFF709F9039890F94400013028B907
:10798000FFE70399002081F84400FFE7039890F98E
:107990004500013028B9FFE70399002081F8450030
:1079A000FFE7FFF71DF904A807A900F03BF830BB7B
:1079B000FFE70398FEF716FCD0B1FFE703982430E9
:1079C0000799FFF7ADFA0398FEF792FE00F02EFB41
:1079D00060B9FFE74EF60451CEF200014FF080503F
:1079E0000860BFF34F8FBFF36F8F00E0FFE705E044
:1079F0000398FEF77DFE00F019FBFFE70EE0039809
:107A0000FEF776FE00F012FB0398FEF7EBFB18B1D1
:107A1000FFE700200A9002E0FFE7FFE763E70A982C
:107A20000EB080BD80B588B005900491059858B916
:107A3000FFE74FF0500080F31188BFF36F8FBFF363
:107A40004F8F0790FFE7FEE7049858B9FFE74FF024
:107A5000500080F31188BFF36F8FBFF34F8F0690F4
:107A6000FFE7FEE7FFF790F845F21C30C2F2000096
:107A700000680290029805994968401A019004989C
:107A80000068013018B9FFE7002003902BE045F2B1
:107A90008420C2F20000006805990968884209D074
:107AA000FFE7029805994968884203D3FFE7012060
:107AB000039017E001980499096888420BD2FFE708
:107AC000019A04990868801A08600598FFF70EFA71
:107AD0000020039005E00499002008600120039035
:107AE000FFE7FFE7FFE7FFF77BF8039808B080BDEB
:107AF00070B58CB0DDF844C0DDF840C00B900A9141
:107B0000ADF826200893BDF826008000FEF748FE59
:107B10000590059880B1FFE75C20FEF741FE0790D5
:107B2000079820B1FFE705980799086303E00598D7
:107B3000FFF77CF8FFE702E000200790FFE70798D7
:107B4000F0B1FFE70798002680F859600B980A9972
:107B5000BDF82620089BDDF840C0119C079DEE462D
:107B6000CEF80C60CEF80850CEF80440CEF800C035
:107B7000FEF7B6F90798FDF72BFF0120069003E00A
:107B80004FF0FF300690FFE706980CB070BD000084
:107B9000B0B58EB0DDF850C0DDF84CC0DDF848C09F
:107BA0000A90099108920793139858B9FFE74FF08C
:107BB000500080F31188BFF36F8FBFF34F8F0D908C
:107BC000FFE7FEE7149858B9FFE74FF0500080F345
:107BD0001188BFF36F8FBFF34F8F0C90FFE7FEE765
:107BE0005C20049004985C280BD0FFE74FF0500015
:107BF00080F31188BFF36F8FBFF34F8F0B90FFE7B8
:107C0000FEE70498149820B3FFE7139808B3FFE742
:107C1000149806901398069908630699022081F833
:107C200059000A980999089A079BDDF848C0069CF4
:107C3000EE460025CEF80C50CEF8084005ACCEF844
:107C40000440CEF800C0FEF74BF90698FDF7C0FEE1
:107C500002E000200590FFE705980EB0B0BD0000DF
:107C600081B045F2E820C2F20000006818B9FFE7D1
:107C7000012000900DE044F65C30C2F20000006884
:107C800018B9FFE70220009002E000200090FFE713
:107C9000FFE7009801B0704781B045F21C30C2F296
:107CA000000000680090009801B0704780B586B071
:107CB0000020029044F65C30C2F200000068002808
:107CC00040F0CB80FFE745F21C31C2F200010868AA
:107CD0000130019001980860019858BBFFE740F619
:107CE0003420C2F200000068006858B1FFE74FF08E
:107CF000500080F31188BFF36F8FBFF34F8F059053
:107D0000FFE7FEE740F63422C2F20002106800905E
:107D100040F63C21C2F2000108681060009808603B
:107D200045F28421C2F20001086801300860FEF7C4
:107D3000F9FB00E0FFE7019845F28021C2F2000163
:107D40000968884268D3FFE7FFE740F63420C2F2B3
:107D500000000068006840B9FFE745F28021C2F2E8
:107D600000014FF0FF30086055E040F63420C2F2C9
:107D700000000068C068C0680490049840680390E0
:107D800001980399884207D2FFE7039845F28021C2
:107D9000C2F2000108603EE0FFE704980430FEF7FD
:107DA00025FE0498806A28B1FFE704981830FEF792
:107DB0001DFE00E0FFE70498C06A44F66431C2F299
:107DC00000010968884208D9FFE70498C06A44F6B0
:107DD0006431C2F200010860FFE70499C86A00EB51
:107DE000800240F64420C2F2000000EB8200043121
:107DF000FEF7A2FE0498C06A40F62C21C2F20001F0
:107E00000968C96A884203D3FFE70120029000E0B5
:107E1000FFE7FFE799E7FFE740F62C20C2F20000FA
:107E20000068C06A00EB800140F64420C2F2000006
:107E300050F82100022803D3FFE70120029000E060
:107E4000FFE745F22830C2F20000006818B1FFE7F2
:107E50000120029000E0FFE707E045F29021C2F226
:107E60000001086801300860FFE7029806B080BD95
:107E700080B586B00390039802900020019003988B
:107E8000002867D0FFE7029840F62C21C2F20001DB
:107E9000096888420BD0FFE74FF0500080F311884B
:107EA000BFF36F8FBFF34F8F0590FFE7FEE7029898
:107EB000006D58B9FFE74FF0500080F31188BFF311
:107EC0006F8FBFF34F8F0490FFE7FEE70299086DB5
:107ED000013808650299C86AC96C884238D0FFE742
:107EE0000298006D90BBFFE702980430FEF77EFD1C
:107EF00008B9FFE700E0FFE70299C86CC862029981
:107F0000C86AC0F1380088610298C06A44F66431DA
:107F1000C2F200010968884208D9FFE70298C06AE6
:107F200044F66431C2F200010860FFE70299C86AB2
:107F300000EB800240F64420C2F2000000EB820019
:107F40000431FEF7F9FD0120019000E0FFE700E0B9
:107F5000FFE700E0FFE7019806B080BD80B584B080
:107F600002900298C068C0680190019858B9FFE774
:107F70004FF0500080F31188BFF36F8FBFF34F8F26
:107F80000390FFE7FEE701981830FEF72FFD44F657
:107F90005C30C2F20000006820BBFFE701980430AB
:107FA000FEF724FD0198C06A44F66431C2F2000174
:107FB0000968884208D9FFE70198C06A44F664312D
:107FC000C2F200010860FFE70199C86A00EB800275
:107FD00040F64420C2F2000000EB82000431FEF7BC
:107FE000ABFD09E0019800F1180145F29420C2F2BE
:107FF0000000FEF7A1FDFFE70198C06A40F62C21C2
:10800000C2F200010968C96A884208D9FFE7012065
:10801000009045F22831C2F20001086002E0002021
:108020000090FFE7009804B080BD000080B584B0E8
:1080300000200290019044F65C30C2F2000000681B
:1080400058B9FFE74FF0500080F31188BFF36F8FEE
:10805000BFF34F8F0390FFE7FEE7FEF795FD44F671
:108060005C30C2F20000016801390160006800283C
:1080700040F09980FFE744F65430C2F200000068F7
:10808000002800F08F80FFE7FFE745F29420C2F25E
:1080900000000068002842D0FFE745F29420C2F2B9
:1080A0000000C068C068029002981830FEF79EFC7D
:1080B00002980430FEF79AFC0298C06A44F66431D4
:1080C000C2F200010968884208D9FFE70298C06A35
:1080D00044F66431C2F200010860FFE70299C86A01
:1080E00000EB800240F64420C2F2000000EB820068
:1080F0000431FEF721FD0298C06A40F62C21C2F23D
:1081000000010968C96A884207D3FFE745F22831B0
:10811000C2F200010120086000E0FFE7B5E7029825
:1081200018B1FFE7FEF7FEF9FFE745F29020C2F233
:108130000000006800900098E0B1FFE7FFE7FFF75C
:10814000B5FD38B1FFE745F22831C2F20001012048
:10815000086000E0FFE7009801380090FFE7009812
:108160000028ECD1FFE745F29021C2F20001002087
:10817000086000E0FFE745F22830C2F20000006826
:1081800070B1FFE7012001904EF60451CEF20001DC
:108190004FF080500860BFF34F8FBFF36F8F00E048
:1081A000FFE7FFE700E0FFE7FEF71AFD019804B0E4
:1081B00080BD000080B58AB000200890FDF79AFCD1
:1081C00045F22030C2F20000006858B3FFE70020FB
:1081D00004900790069007A806A905AAFEF740FCA0
:1081E000049B059A0698DDF81CC06946C1F808C0D2
:1081F00048600220086046F2D160C0F6000049F2F3
:10820000E601C0F60001FFF7C3FC014645F2243049
:10821000C2F200000160006818B1FFE70120089079
:10822000FFE700E0FFE7089858B9FFE74FF050007C
:1082300080F31188BFF36F8FBFF34F8F0990FFE773
:10824000FEE708980AB080BD80B58AB0DDF830C07E
:10825000089007910692059300200490089858B959
:10826000FFE74FF0500080F31188BFF36F8FBFF32B
:108270004F8F0990FFE7FEE745F22030C2F2000081
:108280000068A8B3FFE70798009006980190089847
:108290000290079805281EDCFFE7FFF7E1FC0228A3
:1082A0000CD1FFE745F22030C2F2000000680C9AC2
:1082B00069460023FFF70CF904900BE045F22030EB
:1082C000C2F200000068694600231A46FFF700F971
:1082D0000490FFE70BE045F22030C2F20000006896
:1082E000059A69460023FFF709FA0490FFE700E0CA
:1082F000FFE704980AB080BD80B582B040F27800F4
:10830000C2F2000000F108010022FCF795FFC0B1A5
:10831000FFE740F20000C2F200000088642810DB92
:10832000FFE740F27800C2F200004079C00740B990
:10833000FFE740F20001C2F20001088832380880ED
:10834000FFE740F27800C2F2000000F110010022C5
:10835000FCF772FFC0B1FFE740F20000C2F200007C
:108360000088C82810DCFFE740F27800C2F2000065
:108370004079C00740B9FFE740F20001C2F20001B6
:10838000088832300880FFE740F27800C2F200002F
:1083900000F128010022FCF74FFFD0B1FFE740F2C7
:1083A0007800C2F200004079C00790B9FFE740F2C0
:1083B0007801C2F200010120487140F20001C2F2CE
:1083C00000010020088040F20801C2F2000108808C
:1083D000FFE740F27800C2F2000000F130014FF4F4
:1083E000FA62FCF78FFF98B1FFE740F20001C2F29A
:1083F00000013220088040F20801C2F200011E2074
:10840000088040F27801C2F2000100204871FFE7C5
:1084100040F27800C2F2000000F118010022FCF7DF
:108420000BFFB8B1FFE740F2C850C2F20000019064
:10843000FCF762FC0146019809688162FCF75CFC6C
:1084400001460198C968C162FCF756FC01990069B0
:108450000863FFE740F27800C2F2000000F120015B
:108460000022FCF7E9FEB8B1FFE740F27800C2F263
:1084700000000079C00738B9FFE740F27801C2F286
:1084800000010120087106E040F27801C2F200010B
:1084900000200871FFE7FFE740F26150C2F20000E0
:1084A000017801310170007805281ADBFFE740F2FE
:1084B0006151C2F200010A20087040F23861C2F234
:1084C00000010020A1F8920040F69401C2F20001E0
:1084D000A1F8920040F6A461C2F20001A1F8920056
:1084E000FFE702B080BD4100080218BF04200A0E59
:1084F00018BF40F001004FF07F4232EA010108BF8F
:1085000040F00200012808BF0520704710EE101A45
:1085100008B5444A6846B2EB410F28D94FF0E6400F
:10852000B0EB410F94BF00204FF0FF300090009857
:10853000002861DB60EE000A10F0010F45D010F05A
:10854000020FDFED391A9FED391A00EEA11ADFEDA7
:10855000381A40EE811A21EEA01AF0EE400A40EEE1
:10856000010A08BFF1EE600AB0EE600A08BD314BA7
:1085700021F0004293423CD911F0004FDFED2E0A6A
:1085800020EE201ADFED2D0A19BF31EE601A71EED0
:10859000200A31EE201A71EE600ABDEEE01A11EEEB
:1085A000100A9FED271A00F0030000EEC10A9FEDAC
:1085B000251A009000EEC10A9FED231A00EEC10AB1
:1085C0009FED221A00EEC10AB1E79FED211A9FED3F
:1085D000210A10F0020F00EE810A9FED1F1A00EE33
:1085E000801AB7EE000A00EE810A18BFB1EE400A09
:1085F00008BD00F00FF99AE710EE100A4000B0F144
:108600007F4F3CBFB7EE000A08BD07D14FF0010015
:10861000F7F74DFFBDE8084000F0ECB8BDE80840B2
:1086200000F0E4B8B61F927E336D4CB9DA82083C94
:10863000A0AA2ABE490E494683F9223F0000004BFA
:108640000000C93F00A0FD390020A2331A61342C7C
:10865000B93AB2BACA9F2A3DDDFFFFBE00B510EE9F
:10866000101A2DED028B81B0524A6846B2EB410FD1
:108670002ED94FF0E640B0EB410F94BF00204FF0F1
:10868000FF3000900098B0EE408A00286ADB10F0BE
:10869000010F4BD068EE080A9FED471A9FED470A7D
:1086A00000EE810A9FED461A10F0020F00EE801ACC
:1086B000B7EE000A00EE810A02BF01B0BDEC028BEA
:1086C00000BD00BF01B0B1EE400ABDEC028B00BDA1
:1086D0003C4B21F00042934241D911F0004FDFEDB5
:1086E0003A0A20EE201ADFED390A19BF31EE601A7E
:1086F00071EE200A31EE201A71EE600ABDEEE01A2A
:1087000011EE100A9FED321A00F0030000EEC10ACC
:108710009FED301A009000EEC10A9FED2F1A00EE77
:10872000C10A9FED2E1A00EEC10AABE728EE080A37
:108730009FED2B1ADFED2B0A10F0020F40EE010A1D
:108740009FED291A00EE201A61EE000AB0EE480AE9
:1087500008EE200AB6D101B0BDEC028B00BD00F0DE
:1087600059F88FE718EE100A4000B0F17F4F0DD294
:1087700018EE100AFFF7B7FE042808BF00F042F811
:10878000B0EE480A01B0BDEC028B00BD09D101205A
:10879000F7F78DFE01B0BDEC028B5DF804EB00F045
:1087A00029B801B0B0EE480ABDEC028B5DF804EBCD
:1087B00000F01CB8B61F927EB93AB2BACA9F2A3DE1
:1087C000DDFFFFBE490E494683F9223F0000004B02
:1087D0000000C93F00A0FD390020A2331A61342CEB
:1087E000336D4CB9DA82083CA0AA2ABE30EE000AEA
:1087F00070470000DFED020A80EEA00A704700001B
:10880000000000009FED020A20EE000A7047000001
:10881000000000102DE9F0014FF07F42B2EB410F54
:108820009FBF4FF0FF310160BDE8F00170474FF08E
:10883000004242EA0123C1F3C752783A551112F0BF
:108840001F0C434CCCF120067C44C1F3C752A2F16B
:1088500078024FEA621204EB820254F8254008BF06
:10886000D2E9015612D0556804FA0CF425FA06F73D
:108870003C43976805FA0CF527FA06F8D26807FA20
:108880000CFCF24045EA08054CEA0206A4FB034C46
:10889000A5FB0352A6FB03631D449D4234BF012682
:1088A00000261319334416B1934202D903E09342D0
:1088B00001D2012200E00022624402F1200C920663
:1088C000DC0C42EA443200EE102A5B03DFED210AA1
:1088D000F8EEC01A00EE103A4FEA9C1C11F0004F5F
:1088E000B8EE400AC0F800C020EE201A00EE105A80
:1088F000DFED190AB8EE400A20EE200A71EE810A77
:1089000070EE800A10EE902A02F500626FF30B02FF
:1089100000EE902A70EEE11A31EEC11ADFED101A66
:1089200030EE411A9FED0D0A20EE800A01EE210A79
:108930009FED0C1A00EE810A04BFBDE8F0017047FC
:10894000CCF180510160BDE8F001B1EE400A704702
:10895000B0070000000000360000802C22AAFD298C
:10896000DB0FC92F0000C92F21F0004201F00043A6
:10897000A2F16052B2F5801F28BFD2F17F6C0BD9F3
:108980005FEA001C43EAC20242EB507018BF704716
:1089900028BF20F001007047B2F5801FBCBF184609
:1089A00070474FEA410C1CF5001F02D2084600F048
:1089B0001FBB70B500F05CF900000089FFF7F6BF3F
:1089C0004FF00040A0F580007047000010B591EA1C
:1089D000030F48BF83F0004300F1A681841A71EBB6
:1089E000030C05D2121943EB0C03001B61EB0C01C5
:1089F0004FEA1154A4EB135CDFF81CE11EEA430FAD
:108A000018BF9EEA445F00F0748021EA045123EA13
:108A10000E0343F48013DCF1200E32D322FA0CFE55
:108A200010EB0E0023FA0CFE41EB0E01CCF1200EF0
:108A300003FA0EFE10EB0E00CCF1200E51F10001F6
:108A4000B1F5801F32D201EB045112FA0EF2BDE8EB
:108A5000104058BF7047401C38BF5FEA420218BF41
:108A60007047002814BF20F0010041F100014FEAD7
:108A7000410313F5001F38BF7047A1F1C04100F05A
:108A800045B9012A43EB0302ACF1200CDCF11F0EC7
:108A900032BF4FF0000E23FA0CF310EB030041EB52
:108AA0000451B4EB115FD0D0A1EB045101F580115A
:108AB000490801EB04515FEA30000ED350F1000089
:108AC00038BF12FA0EFE08D1BDE81040C9E7401CBD
:108AD00038BF5FEA4202CAD1C3E7BDE810404FEA9F
:108AE000410313F5001F38BF7047A1F1C04100F0EA
:108AF0000DB99EEA445F08D011EA5E0FBDE8104050
:108B000004BF01F0004100207047BDE8104070B57F
:108B100000F0AEF864FBBE3E0000E0FF70B5DFF889
:108B200048C11CEA111E1EBF1CEA13159EEA0C0F59
:108B300095EA0C0F00F06F8081EA03044EEAD47EC0
:108B4000AE4421EA4C1123EA4C1341F4801143F462
:108B50008013AEF17F7EA1FB024CA0FB03653619AA
:108B600055EB0C05A1FB034C4CF10003A0FB021CD0
:108B700016EB0C06654153F10003094218BF46F09D
:108B8000010613F4007F0BD14FEA03314FEA0530A1
:108B900041EA155140EA165034036FF003020AE02F
:108BA0004FEAC3214FEAC52041EA555140EA5650E9
:108BB000F4026FF0020202EB2E4201EB025585EA4D
:108BC000CE710AD05FEA440C18BF24F0004450F183
:108BD000000041F1000120EAD47040F2FE7C6245C1
:108BE00000D270BDA84214BF4FF080444FF0404403
:108BF000002E08BF0024BEF1806FA8BFA1F1C041C4
:108C0000BDE8704080F2828001F1C04101F0004176
:108C10004FF0000070470CEA13159EEA0C0F18BFC6
:108C200095EA0C0F06D081EA030E4FF000000EF01B
:108C3000004170BD00F01CF88900013E00F007B84B
:108C400000F009B84FEA430C5FEA5C5C08D081EAA7
:108C5000030100F05BB84FEA410C5FEA5C5CF6D1BF
:108C600002494FF0000070470000FF070000F87F46
:108C70000EF1020E2EF0030E5EF8046B364205D4A0
:108C8000012A43EB030515F5001F12D8012841EB1B
:108C9000010C1CF5001F0CD80ED14FEAD17C0CEB57
:108CA0004C0C0CF1020C15F5001F08BF4CEBD37CEB
:108CB00004E04FF0080C01E04FEAD37C0CEB4C05CC
:108CC00026FA05F606F00706B6F1040C06D20EEBFE
:108CD000860CBDE870404CF0010C6047DFE80CF0FA
:108CE000090B02024FF00041A1F500214FF00000F6
:108CF00070BD19461046012851EB010418BFD4F588
:108D0000001484BF002001F0004170BD0808A0F5E8
:108D100000114FEA3101704710B591EA030F48BFC7
:108D200083F000433FF55AAE841A71EB030C07D26F
:108D30008CF0004C121943EB0C03001B61EB0C018F
:108D40004FEA1154A4EB135CDFF8A4E11EEA430FD1
:108D500018BF9EEA445F00F0B48021EA045123EA80
:108D60006E035242C3EB6E0338BF5B1EDCF1200E74
:108D700025D322FA0CFE10EB0E0043FA0CFE41EB59
:108D80000E01CCF1200E03FA0EFE10EB0E00CCF11A
:108D9000200E51F1000129D401EB045112FA0EF218
:108DA000BDE8104058BF7047401C1CBFB2F1004FD7
:108DB000704700280CBF491C20F00100704712EBDF
:108DC000020E43EB030218BF4FF0010E4EEA4202BF
:108DD000ACF1200CDCF11E0E56D943FA0CFE10EB60
:108DE0000E00CCF11E0E51F1FF31D5D50EF1010E62
:108DF00012FA0EFE404141EB010101EB445C5FEAD7
:108E00005C5C10D901EB045110EBDE7038BFBEF191
:108E1000004FBDE8104018BF704700280CBF491C28
:108E200020F00100704734D24FEAD42C24F40064BF
:108E300011F500111BD0B1FA81F20B3AA41AA41E4D
:108E4000D2F12003914030FA03F31943904001EB33
:108E5000CC7101EB0451002CBDE81040A8BF704755
:108E600001F1C04101F000414FF000007047B0FA3D
:108E700080F310FA03F102D1BDE810407047E41A04
:108E8000173C4805C90AE2E701EB0451BDE8104070
:108E9000704749104FEA300001EB0451BDE8104023
:108EA00002E04FF0000170474A0008BF0042F8D0CE
:108EB000B2F5001F28BF704701F000414FF00000DD
:108EC00070479EEA445F07D011EA5E0FBDE810408C
:108ED00004BF002100207047BDE8104070B5FFF7C7
:108EE000C7FE00BF40DFF63E104683F000417047EA
:108EF0000000E0FF43004FEAD30C4FEA3C0C434034
:108F00001FBF40070CF1605113F0FE4F70471CF07B
:108F1000006F03D10CF00041002070470CF00043BB
:108F200043EA507040EACC0010B500F00EF800BFE4
:108F3000000000924FEA0001FFF7E8BE4FF0004149
:108F4000A1F500214FF0000070470EF1020E2EF047
:108F5000030E5EF8044B244204D44FEA4102B2F1FE
:108F60007F4F11D84FEA4003B3F17F4F0CD80ED199
:108F70004FEAD07C0CEB4C0C0CF1020CB2F17F4FA1
:108F800008BF4CEBD17C04E04FF0080C01E04FEA45
:108F9000D17C0CEB4C0324FA03F404F00704B4F185
:108FA000040C06D20EEB840CBDE810404CF0010C12
:108FB0006047DFE80CF0070802024FF00040A0F520
:108FC000800010BD0846420018BFD2F1807288BFF1
:108FD00000F0004010BDF1EE100A4FF6FF71C0F234
:108FE000C03120EA010040F04070E1EE100A704705
:108FF000FF2141EAD050C00570470000000000008A
:109000006E83F9A22915444ED15727FCC0DD34F5F3
:10901000999562DB4190433CAB6351FE0000000038
:109020000000000001020304060708090000000018
:1090300001020304000000000000000015400008C9
:109040000000000000000000514400080000000083
:1090500000000000754F00082546000800000000D1
:1090600000000000794B0008000000000000000034
:10907000754F0008694F0008C0900008000000000C
:1090800000000000000000000000000000020000DE
:109090001D0000000000000000000000D09000084B
:1090A00000000000000000000000000000000000C0
:1090B0000002000018000000000000000000000096
:1090C00062746E5F6465746563745F5461736B0092
:1090D00064656661756C745461736B0049444C45FA
:1090E00000546D725100546D72205376630000007D
:1090F000189100080000002018000000EC01000892
:109100003091000818000020085A00000C020008E6
:10911000FDAEFFFFD9AEFFFF320000000024F400D7
:109120001E00010010000000AAAAAAAA0000000068
:040000050800018965
:00000001FF
